Date,GLD,SPY,VGK
2021-01-05,0.0029572490918935946,0.00686376043726501,0.008972982823742143
2021-01-06,-0.016374384156319522,0.005960732279810231,0.011786691089614302
2021-01-07,-0.0023373497260989994,0.014748084320827784,0.003045250520563909
2021-01-08,-0.03480879472366203,0.005681608010884375,0.004629721198817073
2021-01-11,-0.001963368081678198,-0.006763628543684634,-0.01589493739528524
2021-01-12,0.006453094143516468,0.00021113537409493248,0.004682269223322151
2021-01-13,-0.004316677807613859,0.0026891358259854017,-0.003065098744125644
2021-01-14,-0.0005192346256867747,-0.0035078920550389177,0.007084306807612496
2021-01-15,-0.012485246085867416,-0.007319432477464684,-0.0174791114627638
2021-01-19,0.008437377567923208,0.007821251930755347,0.008939513347860067
2021-01-20,0.016151154600027997,0.013744132504746279,0.0062908026889161965
2021-01-21,-0.0006273739671711188,0.0009109394957034383,0.003691574478203979
2021-01-22,-0.007904302060517928,-0.0035457350373227104,-0.007235318345674121
2021-01-25,0.0008622455288576803,0.0039362135914485655,-0.006475663407061042
2021-01-26,-0.002473656951145883,-0.0015621448059427087,0.004052062470805225
2021-01-27,-0.006355778295441206,-0.024744408552312056,-0.024065904715615174
2021-01-28,0.000926931727635592,0.008563499051806282,0.008579630171462014
2021-01-29,-0.0004054103376829626,-0.02022243905699971,-0.01940842331506421
2021-02-01,0.00934152297824149,0.016508482205611685,0.012980460304334559
2021-02-02,-0.012242430084677477,0.014041006924976947,0.010526752564645369
2021-02-03,-0.0015117720158050482,0.000786221337901032,0.0009810712076926598
2021-02-04,-0.021765636924135134,0.011301628687347468,0.0008169740720980509
2021-02-05,0.009823748692690917,0.0039281424243994365,0.006511430062605366
2021-02-08,0.01001975221091292,0.00719576381524034,0.002754551762650772
2021-02-09,0.0032595928083516256,-0.0006659437788837176,0.005808353877975916
2021-02-10,0.003654430629279855,-0.000435755418974458,-0.004514706313547247
2021-02-11,-0.008723013798522866,0.0016138626274682462,0.007887190199736804
2021-02-12,-0.003041852351548402,0.00492755910524915,0.0060743795567172985
2021-02-16,-0.014457496034195686,-0.0008664761832209266,0.009516372861693014
2021-02-17,-0.011417786234196115,0.00022952556663750141,-0.01047288606593785
2021-02-18,-6.0090224343136566e-05,-0.004265120759302499,-0.002875333955124283
2021-02-19,0.004139970385631239,-0.0017675102061268807,0.0020772481803787227
2021-02-22,0.014858231751961605,-0.0077215032664624955,-0.0030377282278513853
2021-02-23,-0.0023033964742125187,0.0012136873942308608,0.0004802821651178952
2021-02-24,-0.0007097783269727351,0.010959002696640869,0.008129410341949734
2021-02-25,-0.018995808065307287,-0.024390846206263493,-0.016809833356797924
2021-02-26,-0.024480114534154506,-0.005165841135148391,-0.011365296889443686
2021-03-01,-0.0017319159550744983,0.02395115342429718,0.01732111484663948
2021-03-02,0.005433148366520264,-0.007834013158758247,0.0033646714181744014
2021-03-03,-0.011082728374520621,-0.01333418654367535,-0.006740481216118898
2021-03-04,-0.00988559566723337,-0.012451939206010183,-0.011825173478958062
2021-03-05,0.0006286134207733884,0.01822948663953003,0.006982416055395877
2021-03-08,-0.010422315048141234,-0.004990972229257013,-0.0012952491815441732
2021-03-09,0.02104806019448947,0.014176411794120247,0.015434372502298285
2021-03-10,0.005085327698430273,0.006205212704050561,0.0066783174040013545
2021-03-11,-0.0008663865026826478,0.010087858117354829,0.009149639412916133
2021-03-12,-0.00018574519969141986,0.0013459598683893982,-0.0006283314781917684
2021-03-15,0.004386867610048303,0.00594599892911468,-0.0014151010527335872
2021-03-16,0.0009244132771239594,-0.0012623464342892523,0.0012579744390741254
2021-03-17,0.0071195808075622735,0.0034041720661177437,0.0051727586337646245
2021-03-18,-0.0058269675795917875,-0.014656640530454117,-0.012428198260045358
2021-03-19,0.004174394816826358,-0.0018517979941108408,0.0006330048525287373
2021-03-22,-0.0014713433816878438,0.007953025879924748,0.0035052672607367484
2021-03-23,-0.007327408483150656,-0.007901804711323195,-0.014673339070194646
2021-03-24,0.003454859203276189,-0.005096684029602533,-0.00176894487203021
2021-03-25,-0.0036402714825327686,0.00561034864179205,0.005137264024989484
2021-03-26,0.002839374216722469,0.015986241570691517,0.013203060819275133
2021-03-29,-0.011967328788777756,-0.0005052679628841297,-0.003799835641033764
2021-03-30,-0.01723957501602924,-0.0026565629137475684,0.0009512412559748291
2021-03-31,0.015053975494509144,0.004045394643832687,-0.001586049682971028
2021-04-01,0.012549018493591777,0.010741124912791672,0.01590482332399382
2021-04-05,-0.00037046965366193687,0.014251149439370149,0.01703875198341309
2021-04-06,0.007996616729269289,-0.000591004198139753,-0.009103050189043407
2021-04-07,-0.0028223021365765604,0.0011567635856149002,0.0021677532535984245
2021-04-08,0.010694635856861524,0.004735534199753499,0.0069352969354449625
2021-04-09,-0.007566026934120144,0.0072439611588440145,0.0012280383163773131
2021-04-12,-0.006082067490100263,0.0003643099071895843,-0.004612852773179336
2021-04-13,0.007061488473290135,0.002959383024498532,0.006145382052616138
2021-04-14,-0.0043537794872208335,-0.0034209814327735644,0.00045944752575328155
2021-04-15,0.0160335365383925,0.010685330037290773,0.008688389851938056
2021-04-16,0.0060295628147861114,0.0033367935920950308,0.011768330386992898
2021-04-19,-0.0027691247303623773,-0.004925385581851309,0.0005997379926873215
2021-04-20,0.003550241996940974,-0.007348183722745787,-0.017694236101322227
2021-04-21,0.009862362310853667,0.0094174045792922,0.009113240249791842
2021-04-22,-0.00650425423162094,-0.009174943741271153,-0.0034833324996454674
2021-04-23,-0.0038387727937765547,0.010783994293698822,0.009813693214741806
2021-04-26,0.002640755671589698,0.002085400207288525,0.0030001090237504117
2021-04-27,-0.0025205449092440876,-0.00021558631047670666,0.00029930513706958185
2021-04-28,0.002940064461277065,-0.000287363765108823,0.0031398894646382284
2021-04-29,-0.004142547462168167,0.0063524499505163345,0.0002984135591044192
2021-04-30,-0.003374702192485256,-0.006592009018552655,-0.015035540826601444
2021-05-03,0.01289485518814097,0.0021542817568143175,0.012794856973914108
2021-05-04,-0.007356686965198023,-0.006188377155758899,-0.016893696483565767
2021-05-05,0.00413361336698124,0.0003126269432103836,0.014347610773756585
2021-05-06,0.016542002735280385,0.00795411222291313,0.007469304904966871
2021-05-07,0.00895658735382193,0.007251612900906721,0.015066923624548147
2021-05-10,0.0030259218728549953,-0.009951896933584808,-0.007652659601120423
2021-05-11,0.0001742848474817966,-0.008964601204686595,-0.01159009864682854
2021-05-12,-0.009983483413452903,-0.02147436784820024,-0.011272392949037032
2021-05-13,0.004098917859921596,0.011941100232935686,0.008128743526029589
2021-05-14,0.009074563611959028,0.015238468591581627,0.01827281194946212
2021-05-17,0.011572105937362132,-0.0025477977563767816,-0.0004415226402347344
2021-05-18,0.0019442812059788442,-0.008652844354103429,0.0008832523343759292
2021-05-19,0.0006853819629941132,-0.0026253271653211246,-0.010948463983688306
2021-05-20,0.004556871795741219,0.010700593850166019,0.01535319477739422
2021-05-21,0.00045446916842239933,-0.0008189907175072256,0.0005857720500885301
2021-05-24,0.001759487487714246,0.010142675919236075,0.0064214108113731135
2021-05-25,0.009031903514378268,-0.002221347560223637,0.0004361946548713622
2021-05-26,-0.0017435678186662285,0.0019827220451778317,-0.0029122286234946663
2021-05-27,0.0003940189892895408,0.0005246978536025806,0.003057783129992397
2021-05-28,0.0037630876338542248,0.0017872507214577956,0.002468615726597545
2021-06-01,-0.0026945732480542135,-0.000881126928783117,0.007657295531740793
2021-06-02,0.004878526963101577,0.0015710986041679812,0.0014381033005534626
2021-06-03,-0.019772420864664846,-0.003718216865079761,-0.007067176967306487
2021-06-04,0.010725633264657355,0.009104261948456187,0.00821643380077857
2021-06-07,0.003999619209610979,-0.0009705232086221507,0.0045831492180092815
2021-06-08,-0.003096867753862795,0.00021312427425329228,-0.00014299334272606826
2021-06-09,-0.0019193434836643904,-0.0014930577387258898,-0.001716474128066044
2021-06-10,0.004285131517665339,0.004637775431742637,0.0012878269970973976
2021-06-11,-0.011316177890912231,0.001651077825198562,0.003283014362147478
2021-06-14,-0.005878166410042197,0.0022363640545377743,0.0025621447488206796
2021-06-15,-0.0037848631237422004,-0.001835982100093307,0.00014176806541819721
2021-06-16,-0.01703600368035545,-0.005598878539215338,-0.009854936981111739
2021-06-17,-0.03122282591641038,-0.00033182648193623643,-0.009228667014836314
2021-06-18,-0.005562705142465907,-0.013582205004707387,-0.01975059273647603
2021-06-21,0.012173251058176099,0.014214404433222092,0.014828436243137821
2021-06-22,-0.00420166857422807,0.005332230085068035,0.0002943374063525927
2021-06-23,-0.0006618767987564016,-0.0012062224184768385,-0.006199152303533427
2021-06-24,-0.0006021199876096117,0.005898334090548031,0.009577952303208433
2021-06-25,0.003306999189259349,0.003545870536910596,0.002050873335724389
2021-06-28,-5.999643961855651e-05,0.002013837262555145,-0.007786602701487297
2021-06-29,-0.010561034647227364,0.0005377539350230349,0.0005897367457501408
2021-06-30,0.004841763592293601,0.0008414831921185092,-0.0085865827205998
2021-07-01,0.0034354496150826534,0.005521368769933327,0.005929724749591747
2021-07-02,0.0065369291506959725,0.007614419637162305,0.002804254421369708
2021-07-06,0.004949187883217545,-0.0018232238004774184,-0.0063578815689600545
2021-07-07,0.0037995736126820853,0.0035279229061309547,0.006210485118598276
2021-07-08,-0.0006520293887520076,-0.008181349330984923,-0.01290731204196707
2021-07-09,0.0033150614410246745,0.010618222792146035,0.01570407005724391
2021-07-12,-0.0012418718351821449,0.0035755603894409896,0.00483879888031312
2021-07-13,0.0013009357869861221,-0.0034149072632958365,-0.006310101724726209
2021-07-14,0.010697757313475486,0.0014910503429744998,0.0016180229698829851
2021-07-15,0.00017546425482688882,-0.0034214195376119135,-0.010786944597848784
2021-07-16,-0.009751038308664077,-0.007874391584566456,-0.006707673755078559
2021-07-19,0.001179853512608669,-0.014877872752433111,-0.02055076563735599
2021-07-20,-0.0012979424872485647,0.014228542855086596,0.0059364040098855205
2021-07-21,-0.003726190289074976,0.008063746075688024,0.018942318070117127
2021-07-22,0.0019535411866020086,0.0020918825553378354,0.001636601048934484
2021-07-23,-0.003139340880551927,0.010235604227443363,0.008586582720599905
2021-07-26,-0.0023758261058627853,0.0024517931248504168,0.0038250000298167405
2021-07-27,0.0016636888817755746,-0.0045680172446524465,-0.002205097808071056
2021-07-28,0.0050335632022407,-0.00041034477049591727,0.005137750645973552
2021-07-29,0.011044023020098688,0.004138942943370425,0.007729755482402146
2021-07-30,-0.007918108309762988,-0.00486817407826737,-0.004659767288367667
2021-08-02,-0.0012374082182159806,-0.00210037398383902,0.0046597672883675586
2021-08-03,-0.0007077270423842932,0.008102592932014239,0.007238099575098975
2021-08-04,0.00023593466942563418,-0.004931146114941319,-0.0008657458206341845
2021-08-05,-0.003959922253451811,0.0063130257996434486,0.005183461739649309
2021-08-06,-0.025308704477345147,0.001650971979734133,-0.005472101955007727
2021-08-09,-0.017894816057729707,-0.0008138089889434787,-0.0007223556365509083
2021-08-10,0.00030914743149373187,0.0012431097970322792,0.002741738625634114
2021-08-11,0.01369082807188368,0.002481666788201647,0.006893622112539505
2021-08-12,0.00024383177142714218,0.002992531782472845,-0.0002862901457373073
2021-08-13,0.014224167163591615,0.0018182646043738689,0.007559068620481661
2021-08-16,0.004975891262677384,0.0023519672044270447,-0.005413823365399021
2021-08-17,-0.001496155150116038,-0.006576820529114998,-0.00803219867093244
2021-08-18,0.0007783092556947036,-0.01100542511921375,-0.002739761540035516
2021-08-19,-0.0029367165231408677,0.0015470932800273982,-0.01176589495582261
2021-08-20,0.0005400158455303154,0.007925666368951105,0.005682181416716379
2021-08-23,0.012104007439095057,0.008758049697457485,0.00867951869845449
2021-08-24,-0.0004742535717267673,0.0015861523732152007,0.0007198987746261679
2021-08-25,-0.006961609676564189,0.002096125732299461,0.0012947073916151682
2021-08-26,0.001133835388463418,-0.005920765067093217,-0.005910649803384098
2021-08-27,0.014917723322635659,0.008901340601353905,0.011214871638715665
2021-08-30,-0.004947859047149437,0.004388028677424795,0.0
2021-08-31,0.00200564206756742,-0.0014828329894299086,-0.002720535104155996
2021-09-01,5.88968847449306e-05,0.0005314049721091141,0.007000416026342752
2021-09-02,-0.002655242464544409,0.0030720677964516272,0.005112254008213501
2021-09-03,0.010637446088029513,-0.00024305174243018226,-0.003547081724097761
2021-09-07,-0.019778020504279115,-0.0035815675364495314,-0.003845572829343716
2021-09-08,-0.002507544166051433,-0.001219208350311806,-0.010471290399110243
2021-09-09,0.004413734414974538,-0.004289336607608256,-0.003032877217801887
2021-09-10,-0.005071495164425335,-0.007915860308175201,-0.002896645789839106
2021-09-13,0.0033441618437189445,0.0025560257948456476,0.005785249921684122
2021-09-14,0.006417907636002404,-0.005411211765394706,-0.0025987885306074958
2021-09-15,-0.005881528710091136,0.008317866045990979,0.00014419282622393602
2021-09-16,-0.022902242747818987,-0.0015863984155994192,-0.0004340084274614467
2021-09-17,-0.0015862999324902439,-0.00978881364809215,-0.016037589669449268
2021-09-20,0.007118755657039398,-0.016814772050817196,-0.019675258329154746
2021-09-21,0.00664689654260444,-0.0009452189743776178,0.010348779014218632
2021-09-22,-0.0037409995549623856,0.009707669751542004,0.00950440731702846
2021-09-23,-0.011613566243419594,0.012076696635678398,0.013359635098950929
2021-09-24,-0.0012850982867509395,0.0016458614023488476,-0.011882976397259666
2021-09-27,0.0020798706668898187,-0.0028649231081396276,-0.0014766587016912473
2021-09-28,-0.009763940911599527,-0.020357713586206996,-0.02378082160504321
2021-09-29,-0.0045149330127863515,0.0016818793411438027,-0.0034872687783613506
2021-09-30,0.01781698430701417,-0.012297735538982264,-0.0034994723915840182
2021-10-01,0.0022505110921036547,0.011814028603493577,0.0062297644666149884
2021-10-04,0.004667408258473528,-0.012979825140212509,-0.0051633484341502495
2021-10-05,-0.004667408258473519,0.010351206858168201,0.004860275147333482
2021-10-06,0.002669757352534067,0.004147443475839763,-0.006536309670472469
2021-10-07,-0.005285683868044846,0.00860846156436642,0.007444983047922335
2021-10-08,0.00042627404378714777,-0.0018253805074976057,0.0006053690100597714
2021-10-11,-0.0018893655741350408,-0.007265987933535385,-0.00591762999834569
2021-10-12,0.004504271350483098,-0.002464650074900759,0.003949110746479041
2021-10-13,0.01763773443447277,0.0035913444823277565,0.014745858339307872
2021-10-14,0.0024434808580754102,0.01668062178562391,0.0109924191291238
2021-10-15,-0.0160204917648545,0.007586877118970915,0.0075059697076275255
2021-10-18,-0.002482990902389477,0.002956217517912642,-0.004555936724380034
2021-10-19,0.003208519186409284,0.007685152369518617,0.00558200585664603
2021-10-20,0.008725778175468667,0.003920222991117454,0.004092996999766922
2021-10-21,-0.0008991093021597419,0.002604611303522218,-0.0001459650034679223
2021-10-22,0.006098334452755203,-0.0010365483626602317,0.004802966093706905
2021-10-25,0.006890365329616705,0.005348306432268816,-0.0036364293287861186
2021-10-26,-0.007427027125168416,0.0008996149445170561,0.003781630007883587
2021-10-27,0.0026206236403640355,-0.004439864505367077,-0.0031989693309073483
2021-10-28,-0.00023791366260843256,0.009602489394819988,0.01100821019447857
2021-10-29,-0.008544299301700552,0.002027135957741603,-0.007373635357241838
2021-11-01,0.005207004497418708,0.0017187863539926739,0.008813141574122807
2021-11-02,-0.0021513131388870075,0.0040347763529677986,-0.0024483755711043995
2021-11-03,-0.0083501482773226,0.006086870641681468,0.009614731346217006
2021-11-04,0.011277125295739413,0.0047014615784345464,-0.003146740393442273
2021-11-05,0.012978359326946427,0.003463541912448308,0.0018606690235711276
2021-11-08,0.003585184846901929,0.0008533948758455311,0.0012860713698711512
2021-11-09,0.004916006634195484,-0.003310917484013414,-0.0011428794920944714
2021-11-10,0.010800248284572371,-0.008077408121609085,-0.011649171083394937
2021-11-11,0.005586453042738802,0.0003235155733159187,0.003609586007976633
2021-11-12,0.0018934614978916627,0.00751848597847134,0.0025912929565046227
2021-11-15,-0.00154894492430588,0.00034229628769343506,-0.003312013615383407
2021-11-16,-0.007260156004477963,0.003950168669156937,-0.0021657368220028383
2021-11-17,0.009095692432078762,-0.002432314952984305,0.0013000048617571045
2021-11-18,-0.0032143154449525086,0.003390851346198506,0.001009840181120136
2021-11-19,-0.007675708262916443,-0.0017900534329984114,-0.013356520546649263
2021-11-22,-0.02267561664312034,-0.002819073136088111,-0.008071104251890667
2021-11-23,-0.008690053468478977,0.0013251304591376163,-0.003542553451269599
2021-11-24,-0.0009569597921073518,0.002666428774617203,-0.006378336707509838
2021-11-26,-0.0016168462526691021,-0.02255583527785259,-0.02470759461372578
2021-11-29,-0.0013795005365548109,0.012192066022671063,0.006992118794742489
2021-11-30,-0.006744546424564762,-0.019649614179010774,-0.007297114047007318
2021-12-01,0.003980006790395922,-0.011169289217787075,-0.005814852828106865
2021-12-02,-0.005552205835401061,0.015200400703044124,0.011444503279442818
2021-12-03,0.008376819081740972,-0.008739511209315877,-0.007615074625738368
2021-12-06,-0.0024635953850727986,0.011773570494004973,0.01155202206726547
2021-12-07,0.0035432060613326127,0.02047384432857346,0.020048533611485005
2021-12-08,0.0005393685677794685,0.002644635973793384,0.003401017863207619
2021-12-09,-0.006130129283900702,-0.00677451383687023,-0.00934356930785796
2021-12-10,0.004211020685246302,0.009369376379601856,0.002381140137527306
2021-12-13,0.002518126917516811,-0.008897829691475984,-0.010610577504161481
2021-12-14,-0.009385206339641532,-0.006903608632973411,-0.0063299891017361476
2021-12-15,0.004282351988516796,0.015504084953946565,0.013217351447025294
2021-12-16,0.012024970840539904,-0.00885778290849267,0.0011927776294027377
2021-12-17,-0.002143116686188639,-0.010699723378876112,-0.014712516978504526
2021-12-20,-0.004240244730917084,-0.010690402966470522,0.0010385133580991823
2021-12-21,-0.00041897618344674124,0.017602903333243814,0.012740957188373345
2021-12-22,0.00935611880010715,0.009949374532069438,0.012282956124524402
2021-12-23,0.002251481491211197,0.006202708142225118,0.006824660183994522
2021-12-27,0.002364450476828884,0.014052983117639594,0.010882779119897011
2021-12-28,-0.004319380340024978,-0.0008176011077603197,0.0004385654244973381
2021-12-29,-0.0002965516280151311,0.0012784562988510937,0.0016069039146961164
2021-12-30,0.007151581744182501,-0.002768458583441204,-0.003948772885840074
2021-12-31,0.006808358432551388,-0.0025233804818396567,0.0
2022-01-03,-0.015503300973700684,0.005773393636752516,0.009480111728303224
2022-01-04,0.007339514803169255,-0.0003351825445279688,0.0013056490159495883
2022-01-05,-0.003012197052209778,-0.019388676860659423,-0.009028926076245069
2022-01-06,-0.012319703780209438,-0.000939912298561155,-0.0036637026362508034
2022-01-07,0.004540812572282988,-0.0039613154730996315,0.004979273738978989
2022-01-10,0.0030355936239956378,-0.0012450595862969944,-0.013679711608560123
2022-01-11,0.01199245713664559,0.009067000832130988,0.012364140505832025
2022-01-12,0.0026391371424113854,0.002699939104492002,0.009173950101803626
2022-01-13,-0.003402771341298051,-0.013874488716066287,-0.007419937688098447
2022-01-14,-0.002883829150556528,0.0004087862859983872,-0.0027786629632164522
2022-01-18,-0.0016516182679313014,-0.01786809319150889,-0.014454280118388821
2022-01-19,0.015755750605134237,-0.010437946376263357,0.002818733038929528
2022-01-20,-0.0025020112544038944,-0.011129689976800345,-0.007435084294896253
2022-01-21,-0.003267771913809988,-0.019825760645839668,-0.01473477212562452
2022-01-24,0.005479160681096094,0.0042375855214984385,-0.01557060789106568
2022-01-25,0.003192034576976311,-0.012284124226536115,-0.007102053488193747
2022-01-26,-0.01629856790431354,-0.002511887296698388,0.002321524498532319
2022-01-27,-0.01298211532059733,-0.0049504201069214175,-0.0015470382826061576
2022-01-28,-0.002987752337666492,0.024532190271233136,0.0029373977879037054
2022-01-31,0.005907056331230696,0.01785080788619063,0.015622736884065578
2022-02-01,0.0008325368758188378,0.006734224742591227,0.012084804730816199
2022-02-02,0.00361943388995412,0.009667078212335294,0.005838742205914203
2022-02-03,-0.0014224174555621005,-0.023785595725383604,-0.013979876768082908
2022-02-04,0.0015408910869810946,0.004691370600543963,-0.002576614393308721
2022-02-07,0.007375317353577323,-0.003214566886624641,0.0006068241788005158
2022-02-08,0.0030522079460774463,0.008194075500996415,0.003482563015849925
2022-02-09,0.003393414275398407,0.014530202634139023,0.016786854342543657
2022-02-10,-0.0038037857675304026,-0.018128957946984093,-0.01286486878290063
2022-02-11,0.018875607865561438,-0.019915850252695003,-0.018845441403973404
2022-02-14,0.005336451777182292,-0.003274433992822349,-0.009867608013553962
2022-02-15,-0.009545260370239185,0.015998037062921015,0.022824187064696386
2022-02-16,0.01023173130733765,0.0011201232805253594,0.0033262980402934956
2022-02-17,0.013575508168976262,-0.02159280813922974,-0.017664630247825712
2022-02-18,-0.000733724019731723,-0.00649608819569194,-0.005855072754514534
2022-02-22,0.002086858856896338,-0.01078954124126988,-0.015731408109782075
2022-02-23,0.004497100140272996,-0.017897872832772645,-0.007721947961374584
2022-02-24,-0.006471023453826176,0.014936950087757318,-0.01981215460842407
2022-02-25,-0.0033362372759372606,0.02182395600561129,0.02972971323970255
2022-02-28,0.010311993951243732,-0.0025616771002734636,-0.024097607439959152
2022-03-01,0.01800043176575384,-0.015347454297613574,-0.026833129661040078
2022-03-02,-0.010460864384517259,0.01822900974313227,0.015374790580770294
2022-03-03,0.005935763844875876,-0.0049909390326022375,-0.029149724728949302
2022-03-04,0.015803608419049087,-0.008157824747117591,-0.043199282555520566
2022-03-07,0.014753495270293054,-0.029922139976817138,-0.03353461115584469
2022-03-08,0.026991429368426304,-0.007610924974394071,0.02336252129073412
2022-03-09,-0.030161495266205762,0.026457812782119422,0.052033498400203056
2022-03-10,0.003116366878477797,-0.004525809342526052,-0.022506978280453546
2022-03-11,-0.007052696024243029,-0.012796554707140986,-0.0061804622169639905
2022-03-14,-0.01518847505814139,-0.007335192411401555,0.01758168950151191
2022-03-15,-0.018882610033681094,0.021752199520225227,0.007417471619199028
2022-03-16,0.006241285995487705,0.021931844412413293,0.03854887554083585
2022-03-17,0.004876733952655098,0.01243331949589274,0.006443354831187645
2022-03-18,-0.008828710707897394,0.010893392945622174,0.008155308651412705
2022-03-21,0.00761175501954624,-0.0002926664381193114,-0.009961439025456665
2022-03-22,-0.007277189924242526,0.01163352602388414,0.013132681406952298
2022-03-23,0.013567209576051467,-0.012962040729718105,-0.018791174134976465
2022-03-24,0.007234137513108609,0.014962004539607585,0.005819621114522934
2022-03-25,-0.004103860537691329,0.0048716702221368305,0.0006444676855694266
2022-03-28,-0.018371517706821095,0.007087815350281576,0.0022526914538738264
2022-03-29,0.00044668806848975184,0.012294834878045967,0.025076819202454272
2022-03-30,0.008006283379257595,-0.006193969177639096,-0.004241032905265803
2022-03-31,0.00038752078804877134,-0.015511042726102325,-0.019871857831927457
2022-04-01,-0.00638621587890147,0.0028302781096962836,0.011652979691852826
2022-04-04,0.004835061682683925,0.008530011000835972,0.0006347600262705486
2022-04-05,-0.006284549046099261,-0.012711622515658551,-0.010202492761901692
2022-04-06,0.0023404756196963713,-0.010049773937209591,-0.011279691587067635
2022-04-07,0.0037777415804506904,0.005026128008912075,0.005010931723710112
2022-04-08,0.006246419748615932,-0.0026773853039726253,0.0009668929880011054
2022-04-11,0.004947206140849894,-0.017239997873484916,-0.008736381052437998
2022-04-12,0.007647435301758943,-0.0037122223159104604,-0.0071755905561617876
2022-04-13,0.004777109287769396,0.01138867980136401,0.01171516647664466
2022-04-14,-0.0033090194372706765,-0.012530061089489298,-0.004539575920482794
2022-04-18,0.0030924062818564585,0.00041107098080681584,-0.0037444156650999665
2022-04-19,-0.015228268112133887,0.01601384663257768,0.004394045992575366
2022-04-20,0.0048830061930919995,-0.0007418409558402545,0.008248105375214185
2022-04-21,-0.003563943502360224,-0.015066422820752413,-0.009385343357342908
2022-04-22,-0.009769661352400816,-0.02782269209183474,-0.015565185659901703
2022-04-25,-0.018134432520229594,0.0057808576398813705,-0.008124224131129301
2022-04-26,0.0015238553873300224,-0.029388593362879748,-0.03334457941229687
2022-04-27,-0.007585723242633687,0.0028079134108031107,0.0046362526794452375
2022-04-28,0.0053838047894630165,0.024945737098594892,0.012767392922579945
2022-04-29,-0.00011298334784093811,-0.037655756022568536,-0.01242480914238862
2022-05-02,-0.01871452290294498,0.006001217092703531,-0.0037748161049261197
2022-05-03,0.0026457593569150124,0.004573593664621963,0.008047240103121253
2022-05-04,0.009774616775434711,0.02999840893621979,0.015567181679488526
2022-05-05,-0.0038184194446891804,-0.0361898221050724,-0.03328811190655811
2022-05-06,0.0016545049194706565,-0.005986831093291615,-0.015392946617327801
2022-05-09,-0.014585347642546313,-0.03254088316882718,-0.03060647881359708
2022-05-10,-0.00848106565352078,0.0023079382878798266,0.010126610326117976
2022-05-11,0.008133958004822058,-0.01601372764743199,-0.005593090527814346
2022-05-12,-0.015452706170676834,-0.0010444327991285403,-0.004897010442381692
2022-05-13,-0.008142627698810948,0.023626599987736075,0.028675856782001893
2022-05-16,0.009493279652076629,-0.004066020455989686,0.0037032329408281947
2022-05-17,-0.006299094085683991,0.02036158382973697,0.023657516476121125
2022-05-18,0.000531343704844183,-0.04114639424501596,-0.029837316642678646
2022-05-19,0.014590277160260899,-0.006143653940762094,0.010395441253349907
2022-05-20,0.000697767757192036,0.0004367610428785051,0.004198329868426699
2022-05-23,0.004639589893868967,0.01853702712401746,0.021071327765530622
2022-05-24,0.007493711725538028,-0.007663124020266678,-0.00017085035345276603
2022-05-25,-0.006048248796558386,0.008796169259466411,-0.0008551437003302556
2022-05-26,-0.001850609639927292,0.019784378278686104,0.013425478976469915
2022-05-27,0.0005208853826908474,0.0242527158778008,0.012247471399485347
2022-05-31,-0.009942270255165302,-0.005626913019015877,-0.0028389295279237538
2022-06-01,0.0063488366174163004,-0.008121355629754471,-0.016693712158244205
2022-06-02,0.012234040087981134,0.0188643771627991,0.024522534838776887
2022-06-03,-0.010203900438868029,-0.016547704063426476,-0.013698872686893567
2022-06-06,-0.004413447852864014,0.0030401620970187263,0.004866273760687522
2022-06-07,0.006497267812168451,0.009546640605503006,0.002507664676123986
2022-06-08,-0.0009256257836888652,-0.010931732765287602,-0.014463562459614865
2022-06-09,-0.0031883338247287547,-0.024070260414476644,-0.02521795504929384
2022-06-10,0.013323135228160962,-0.02942439076688614,-0.02729768893400551
2022-06-13,-0.02676735882447253,-0.0387076121938011,-0.03654619123825535
2022-06-14,-0.008035407203286724,-0.003018103862690338,-0.012672659223800379
2022-06-15,0.012966509676610984,0.014155774875086262,0.024088589130676734
2022-06-16,0.011180446816136464,-0.033656041492250675,-0.026153740117973605
2022-06-17,-0.008256810144045654,0.002153119246184796,0.00018800039948349995
2022-06-21,-0.0037437854344901486,0.024862220526128936,0.016311858215146052
2022-06-22,0.003977268335422712,-0.001814660497081752,-0.006621983354572315
2022-06-23,-0.006148118298448717,0.009754758175272556,-0.006092865004661725
2022-06-24,-0.0009989609969459391,0.031298997283919515,0.03287592627461905
2022-06-27,-0.0011176944418580068,-0.0038270005749622515,-0.0025904293439168715
2022-06-28,-0.0016493806069405818,-0.020644513304359232,-0.00986913425422032
2022-06-29,-0.0007666517068580592,-0.000814809507429594,-0.005817673614897797
2022-06-30,-0.006095587698335223,-0.008157425673868002,-0.005851799140451174
2022-07-01,-0.0008313996785857856,0.010520995485643428,0.0007570242861908111
2022-07-05,-0.021437799680384485,0.0018866058141323717,-0.02917666445801
2022-07-06,-0.01596901758740465,0.0033719440576711474,0.0021402223903004528
2022-07-07,0.0005548992912700342,0.01486615479964149,0.015429458147389559
2022-07-08,0.00043143823725389326,-0.0008230931867732161,0.0007652795306029978
2022-07-11,-0.0053749265251639535,-0.011489347758937214,-0.016389252044932363
2022-07-12,-0.0037236489059839332,-0.0088883496720908,-0.0005831801246256259
2022-07-13,0.004776265963686179,-0.005265455003503298,0.00038888071367853313
2022-07-14,-0.014146649261641277,-0.002431611002431934,-0.01666534945590041
2022-07-15,-0.0020104758163567997,0.01892491693866228,0.018995967708617223
2022-07-18,0.000942949789432323,-0.008291204213725444,0.005995700989026577
2022-07-19,0.002384623832616704,0.02666060112999276,0.032067915035108176
2022-07-20,-0.009446509339211243,0.006353058032475318,-0.011834597348199695
2022-07-21,0.01401179660226555,0.010131653748118334,0.012581224686782902
2022-07-22,0.0024926409954947677,-0.009321355316700263,-0.004488554947930632
2022-07-25,-0.0027423043036363935,0.0012143806555655993,0.009514022534891853
2022-07-26,-0.001186514317386386,-0.011901698201203653,-0.016284817504015517
2022-07-27,0.010133467249785824,0.025635028478713608,0.02386841846890528
2022-07-28,0.01211168004371747,0.01246423044679312,0.005512773286781479
2022-07-29,0.0028071459585694595,0.014473550367725739,0.016177715600487464
2022-08-01,0.005651232868696488,-0.0029657138326199734,-0.0016241173406617345
2022-08-02,-0.005955990148902209,-0.006619111254736084,-0.016387841206730303
2022-08-03,0.002435276067987767,0.015538158551879294,0.01022837978161158
2022-08-04,0.016404693683584038,-0.0006758070924001266,0.007603129910291287
2022-08-05,-0.011309781450742627,-0.001691713223984897,-0.01015059139389267
2022-08-08,0.008434348290836127,-0.001161465471641613,0.003637213503855112
2022-08-09,0.003054867797077557,-0.003978967155415961,-0.004730780492177854
2022-08-10,-0.0025151110588634198,0.02078626346705462,0.02289824680497468
2022-08-11,-0.002641706914863643,0.0,-0.0016055744168905813
2022-08-12,0.009155976822720392,0.016787453589849306,0.005874571477282597
2022-08-15,-0.012950528089989187,0.004112265126438826,-0.010168464119850878
2022-08-16,-0.0017516299628300418,0.0019570209484796796,0.0014332436732041641
2022-08-17,-0.006489345947105167,-0.0071234107602203755,-0.010258449706297216
2022-08-18,-0.0026198444873023344,0.0029022113275960814,-0.004895981193481725
2022-08-19,-0.007347552958114958,-0.013529279555298646,-0.013727640555769225
2022-08-22,-0.00665930336783302,-0.021042331440294437,-0.02330680086228002
2022-08-23,0.006966551217581505,-0.0024220777334006825,0.0007540668335293631
2022-08-24,0.002944580504679446,0.0031960453367925845,0.002071551503513268
2022-08-25,0.0030581063588208724,0.014018908900520419,0.009547864758844225
2022-08-26,-0.012227153201929956,-0.03443529839016554,-0.030265114739111493
2022-08-29,0.0006180465249853886,-0.006634211944065274,0.0011516649900708273
2022-08-30,-0.008375556136480044,-0.011038564560736952,-0.006929718197264484
2022-08-31,-0.0077553096129762645,-0.007638220782437329,-0.008730502553033051
2022-09-01,-0.00882902347465035,0.003133047828653684,-0.016107075809000768
2022-09-02,0.00876617372318804,-0.010600461807052337,-0.006755377372309947
2022-09-06,-0.005856578259356107,-0.0037801803167874324,0.005169916826875089
2022-09-07,0.010117286090114818,0.01780543252879897,0.013787862247434508
2022-09-08,-0.006020378897494643,0.006515032614901261,-0.004116434411666172
2022-09-09,0.005269846503477033,0.015415882082237618,0.02903805001622693
2022-09-12,0.005055386193321507,0.010690207313185783,0.017963978348476475
2022-09-13,-0.013096728906648173,-0.04445597855078662,-0.03664539594937967
2022-09-14,-0.003855034555311845,0.0038083052332568202,0.0011655933983507158
2022-09-15,-0.018855801737618274,-0.011418197396788933,-0.00975603716730999
2022-09-16,0.005533767627080334,-0.007658101597404448,-0.00807164080960388
2022-09-19,0.0007697907679810017,0.007724943841892821,0.002141742384557203
2022-09-20,-0.005722932055293624,-0.011544795703535522,-0.02263942223114054
2022-09-21,0.004632228320962459,-0.01759781522201354,-0.012848018479427391
2022-09-22,-0.0005778441890031698,-0.008435346465087371,-0.005763816837535258
2022-09-23,-0.017427816406674814,-0.016896878464569193,-0.04065858644291398
2022-09-26,-0.01170141432179742,-0.009941730329469359,-0.016912740846034845
2022-09-27,0.0020477436877313054,-0.002556053942732084,-0.00482243455472821
2022-09-28,0.020573557832177892,0.01948525533804309,0.02731009035256707
2022-09-29,-0.0001939471718055397,-0.021110173731082246,-0.014646101648425192
2022-09-30,6.462035224685361e-05,-0.015584443673319529,0.0013009059334809724
2022-10-03,0.024019005945363412,0.026058810980902253,0.02249674651937344
2022-10-04,0.014226444596111972,0.030516198896649388,0.0453541055987301
2022-10-05,-0.005553659432976476,-0.00233099853631294,-0.015712894180377798
2022-10-06,-0.0011269264553861384,-0.010369137459041361,-0.022042767146418323
2022-10-07,-0.011023386142689101,-0.02829043020887791,-0.018890666007528877
2022-10-10,-0.015318203217156916,-0.007664785106307081,-0.004294674227538901
2022-10-11,-0.002060212330939929,-0.006352945989120641,-0.013213424995780126
2022-10-12,0.005335071671709423,-0.0033040235257606717,-0.0013093260123032782
2022-10-13,-0.006947611087114204,0.026048869253065786,0.027776657568604042
2022-10-14,-0.012537160793022467,-0.023052128621093754,-0.014976805147140912
2022-10-17,0.0028720806307473926,0.02537214736637702,0.03286631140677696
2022-10-18,0.002148660090392182,0.01168117032985055,0.012025826797285399
2022-10-19,-0.013488925988338462,-0.0071117708665861595,-0.01830334952024175
2022-10-20,-0.0015834633753089122,-0.008420608122975199,-0.0008399219001277099
2022-10-21,0.01767059741452654,0.024010760551436687,0.017699519844049997
2022-10-24,-0.0032488658845126403,0.012162267094000683,0.006993013147418074
2022-10-25,0.002275353560635257,0.015842503863104547,0.02429775858438964
2022-10-26,0.006343446354353355,-0.0075626282651911824,0.010744178187914328
2022-10-27,-0.0015497241473593686,-0.005354377824959574,-0.008546380695873015
2022-10-28,-0.01026317410117862,0.023512078934164717,0.01091830414315138
2022-10-31,-0.008194886192774814,-0.007249482597915078,-0.01211658233064686
2022-11-01,0.010151726172797497,-0.004385423656436853,0.007565242626041732
2022-11-02,-0.006996970202892216,-0.025416419018448457,-0.018213153353779675
2022-11-03,-0.003813297433937162,-0.010350230265911076,-0.010558490979905903
2022-11-04,0.0302345832528433,0.014290258609381521,0.04490450576061847
2022-11-07,-0.003970260739379374,0.009520404318166942,0.005255039678120369
2022-11-08,0.022836328940686813,0.00538090234694773,0.011197252866127029
2022-11-09,-0.005029894759161607,-0.02081757159223497,-0.013334825178600445
2022-11-10,0.029990153003992607,0.05349739496930909,0.05672607831622201
2022-11-11,0.00658459794711783,0.009632104315632562,0.019658262351303985
2022-11-14,0.0021852662272774694,-0.008543257048429499,-0.011602518820319218
2022-11-15,0.0035106980811025834,0.00849289024776794,0.004185040898741079
2022-11-16,-0.0022987420952167376,-0.007657917648959695,-0.0018173494060030942
2022-11-17,-0.007293959961673216,-0.003064682446332197,-0.0012743955475153195
2022-11-18,-0.006917507382313755,0.004530159580030506,0.0041806340004662546
2022-11-21,-0.0056056352070885974,-0.003642538020989657,-0.007282046338064695
2022-11-22,0.0011730356909015207,0.013367210397569216,0.013430406433669268
2022-11-23,0.006212503317279542,0.006282017239028304,0.011293447219741036
2022-11-25,0.000858102340972588,-0.00022391007482500515,0.006750862804751153
2022-11-28,-0.007934893665371402,-0.016085696644502243,-0.016243016361901185
2022-11-29,0.004928261563008794,-0.0017190768750834917,0.0023365470663161123
2022-11-30,0.012700921015012894,0.031014504094679894,0.019380130215192387
2022-12-01,0.01821784239630758,-0.0007359294544831144,0.011380501658688291
2022-12-02,-0.0034616677176241193,-0.0011543928508062856,0.0020871801986993297
2022-12-05,-0.01730780530272015,-0.018152962142739964,-0.0117084474466923
2022-12-06,0.0027336344458788004,-0.01451978043473014,-0.0065250587373698295
2022-12-07,0.008998493556537802,-0.0017026383185999093,-0.0008847976404171455
2022-12-08,0.0008413425277820795,0.007803502137284029,0.0038881349590772682
2022-12-09,0.0035378943750204003,-0.007498385039096712,0.0
2022-12-12,-0.008294841833501867,0.01431437359388612,0.004224610161029846
2022-12-13,0.016936889733695327,0.007541217340628378,0.014474067592047455
2022-12-14,-0.0024359858905979824,-0.006413896711087275,0.0010382035771043202
2022-12-15,-0.016494600382901816,-0.024765875917789077,-0.027528634724454954
2022-12-16,0.008671019495160068,-0.01187652820698733,-0.012702422215180326
2022-12-19,-0.0028218082489996433,-0.008515671821592113,-0.0013066623319599384
2022-12-20,0.016458298941440037,0.00136734976556115,0.0018141884327942833
2022-12-21,-0.0016573862871153066,0.014841881995621229,0.01386049671182031
2022-12-22,-0.012158980168932585,-0.014368965193666155,-0.008798270943407007
2022-12-23,0.002993835039254722,0.005735811839417483,0.0032410938577123664
2022-12-27,0.008394677302769623,-0.00395130869861457,0.001975351571010436
2022-12-28,-0.004515989032750605,-0.012505702580942281,-0.009191782395178056
2022-12-29,0.005582639597805041,0.017840267719574296,0.015986051020366782
2022-12-30,0.004667758029330661,-0.0026374781759594796,-0.012190907182488447
2023-01-03,0.008335816871946341,-0.004218731663971401,0.012547124322085391
2023-01-04,0.009367889939565922,0.007690385911923859,0.01888024431323024
2023-01-05,-0.01252963086748756,-0.01147899949340679,-0.009131062793188894
2023-01-06,0.01853466381119925,0.02267304254833644,0.026287824667071136
2023-01-09,0.0022426010679794787,-0.0005669643710465943,0.006337162681938197
2023-01-10,0.003669304474491391,0.006988144966520938,0.0047691347897367955
2023-01-11,-0.0006870298860052756,0.012568604623952298,0.007111433692155849
2023-01-12,0.011501603213231942,0.0036342927411835194,0.012241312902084446
2023-01-13,0.011930333702592914,0.003872006968879931,0.004655805945193373
2023-01-17,-0.006566591290624395,-0.0018336672082670477,0.0024852126177280923
2023-01-18,-0.0028758838411488395,-0.015913942382251522,-0.0029829118266674025
2023-01-19,0.015743931377470842,-0.007306436047355029,-0.00499180689901857
2023-01-20,-0.0033409804213138158,0.018457477500384206,0.008471219363315487
2023-01-23,0.0018946378029897782,0.011927325230970417,0.004620393759408748
2023-01-24,0.0036119840879409123,-0.0010738173041376707,-0.0028028463526932764
2023-01-25,0.004593393795208086,0.0003748352066688732,0.003954704916223579
2023-01-26,-0.009096515003608066,0.0109302030792236,0.0011503925685559043
2023-01-27,-0.0013939615756237058,0.002295316836955318,-0.0032904239429455283
2023-01-30,-0.002570014931290955,-0.012626282823715064,-0.006116340502869318
2023-01-31,0.0036296165072691286,0.014596276455224504,0.007104513313728668
2023-02-01,0.012518134528387544,0.010571574634693427,0.011458685061066702
2023-02-02,-0.0209702840085377,0.014452045829875883,0.0017887217376833364
2023-02-03,-0.025274496401227434,-0.0106857853046278,-0.009959946212397496
2023-02-06,0.002073259184240806,-0.006130200478246266,-0.01088956760111885
2023-02-07,0.0009200023760844002,0.01299382402740076,0.007272871602301689
2023-02-08,0.002468544755507998,-0.01099494933795172,-0.004125783748658153
2023-02-09,-0.007943887464013586,-0.0087069975769144,0.001652172808429359
2023-02-10,0.0019053779351280687,0.002330868764158526,-0.008122633163181956
2023-02-13,-0.005089097798950408,0.011670568613485968,0.014048630132542372
2023-02-14,0.000753454984742333,-0.0004601021894650842,0.004748253740036668
2023-02-15,-0.010014646847400324,0.0032420288371978476,-0.0009804212367407893
2023-02-16,-0.0008195726363130796,-0.013864548098220294,-0.0057391245564327505
2023-02-17,0.002982339072148569,-0.002501421017900613,0.005575545786042367
2023-02-21,-0.0037440046605545256,-0.020264739646746934,-0.011513200060548736
2023-02-22,-0.0056423768979153,-0.0013791874872659323,-0.006139683804899155
2023-02-23,-0.0005305918526508475,0.005305370864127984,0.00630508575646644
2023-02-24,-0.0072206822499255125,-0.010739923766398018,-0.01735117903901599
2023-02-27,0.003912670406128105,0.003400235603650384,0.01470138820696385
2023-02-28,0.004545621851780495,-0.0037028707950238974,-0.010000243639908963
2023-03-01,0.005755555600934512,-0.0038434028997101828,0.006344948715494566
2023-03-02,-0.000585735153896139,0.007747268261456359,0.0006654446540203182
2023-03-03,0.010666001055863707,0.01591058748751322,0.012726519809785517
2023-03-06,-0.0050565936951402655,0.0006925016433866547,-0.0018081276703982817
2023-03-07,-0.017635068390636166,-0.0154474124417691,-0.02111645689198203
2023-03-08,-0.0004745630282821619,0.0016307321040084973,0.00335515108732099
2023-03-09,0.00980112770009771,-0.018622115075584592,-0.009591974029493784
2023-03-10,0.021333667247723984,-0.014534650798579492,-0.007979075424017773
2023-03-13,0.022688861946558777,-0.0014262418542806158,-0.007184495691856262
2023-03-14,-0.005807897981361377,0.016395001593638416,0.018371153616561397
2023-03-15,0.007773838437142398,-0.006274113593817293,-0.038485985871497166
2023-03-16,0.0020180543660701534,0.017393221309324414,0.014951410304199286
2023-03-17,0.028704276731304653,-0.011761822219343371,-0.015126576707100742
2023-03-20,0.0003807952240648717,0.009569914554671216,0.019382729315726512
2023-03-21,-0.01905552456933767,0.013044963743688678,0.018963609782957205
2023-03-22,0.016877382247649345,-0.017193468941308347,-0.005770537210535011
2023-03-23,0.012460224063675791,0.002699843788151244,0.0001700611029063005
2023-03-24,-0.011316136891165252,0.006540555127810384,-0.007859122016882655
2023-03-27,-0.009299831745516636,0.001868093769420059,0.011596352110587786
2023-03-28,0.008155744573006158,-0.0022470503384293605,-0.0008480724490197188
2023-03-29,-0.0049731154716589265,0.014430188373198623,0.015992230426130346
2023-03-30,0.008998964139577773,0.0058379450112233605,0.015082681576214944
2023-03-31,-0.0052258772770236855,0.013996467357735807,0.002628539075794882
2023-04-03,0.00717858251921089,0.0038031635322666995,0.007030318249959389
2023-04-04,0.018469345695108493,-0.005563402001727483,0.00016284445775888715
2023-04-05,-0.0007982432900847153,-0.00262172621545411,-0.005553809991458636
2023-04-06,-0.007159660374899705,0.0038932641559703517,0.00848159385910995
2023-04-10,-0.007427401530065852,0.0010257547803322854,0.0
2023-04-11,0.00630066529229045,0.00026845780466741006,0.003890333184331711
2023-04-12,0.0048732452945133,-0.004084242795850881,0.007896362832626326
2023-04-13,0.013425150587981827,0.013195181274470308,0.013393013890436537
2023-04-14,-0.017869017219899228,-0.0024455495801704893,-0.0015850453653223667
2023-04-17,-0.00446370276447651,0.0035816747872673468,-0.00477013023023723
2023-04-18,0.0038732698004284223,0.0006520566390017479,0.006830084842382364
2023-04-19,-0.004789973842758077,-0.00016880901518609955,-0.002218604188371427
2023-04-20,0.003930524556986942,-0.005472259276527327,-0.0014289799613345718
2023-04-21,-0.009936876904451757,0.0007768103641970076,0.007439770188584498
2023-04-24,0.0030347260178608367,0.001042463397724414,0.00409190954036311
2023-04-25,0.005073426510561733,-0.01600109448456726,-0.01694827945795819
2023-04-26,-0.005452222698837164,-0.004244605007847455,0.0007984412724916109
2023-04-27,5.4098929279836664e-05,0.019712345634409604,0.011584547983043085
2023-04-28,0.0002706158931134578,0.008499024762429879,0.0014192685041675
2023-05-01,-0.004501468248394752,-0.0010102372553274857,0.0001574153439369269
2023-05-02,0.01911282169964576,-0.011302762126964917,-0.011725574067305093
2023-05-03,0.00844333039400089,-0.006887720018817622,0.0031825006926766036
2023-05-04,0.007008337579460111,-0.007108209849445279,-0.005097214875833708
2023-05-05,-0.015771672012865213,0.01834325834613085,0.014899861330723657
2023-05-08,0.0012261535425393925,0.0002666473252084848,0.00015712532139784802
2023-05-09,0.007061173494320752,-0.0043949877421575936,-0.007896479821456246
2023-05-10,-0.0014294640409972018,0.004661409960250039,-0.0012691621151406575
2023-05-11,-0.008619799546280105,-0.001745550892831248,-0.004295608499192304
2023-05-12,-0.001711544099310757,-0.0013109725213169233,-0.002714200359920073
2023-05-15,0.0021389727993926496,0.003444129928018557,0.007485984230848031
2023-05-16,-0.01257816833072297,-0.006705152085656851,-0.010528116945738375
2023-05-17,-0.003467895133703326,0.012065850739648751,0.0043203532657383826
2023-05-18,-0.013057794413406836,0.009587016299836576,-0.0019178757609007579
2023-05-19,0.009850156652287684,-0.0014559862425874487,0.007332158934516035
2023-05-22,-0.002344243508491738,0.00040595239448249415,-0.0012714499516287825
2023-05-23,0.0012000108481294142,-0.011286296031271702,-0.014736720250336888
2023-05-24,-0.008101176111367243,-0.007270984376759123,-0.01577644886252299
2023-05-25,-0.00966457904681634,0.008622509302482267,-0.0026265916983452637
2023-05-26,0.003987606250000357,0.012867519718716554,0.010952328962095912
2023-05-30,0.006171471778321201,0.00038076407040209715,-0.010459330370121691
2023-05-31,0.001537018842589403,-0.0055604674855915664,-0.010735866343701186
2023-06-01,0.007867103377943253,0.009455961589920564,0.01172106493191713
2023-06-02,-0.014857275420164701,0.014357724476734467,0.011747498570960548
2023-06-05,0.0060023657211361265,-0.0019180479785971345,-0.007162579259160423
2023-06-06,0.0010974372841257363,0.00217516892451307,0.0037505533249798527
2023-06-07,-0.012083252758880945,-0.0034637907391525274,-0.004404216300426072
2023-06-08,0.013124733073092816,0.006030333341297542,0.011540146654467509
2023-06-09,-0.002688130119841765,0.001792579752568791,-0.005997271208915751
2023-06-12,-0.0008792504640156504,0.009031116567204261,0.004379855957500765
2023-06-13,-0.00739483312084137,0.006571247628659638,0.007739502268527528
2023-06-14,0.0005537743402144653,0.001190007960660873,0.0035273716573978736
2023-06-15,0.007005982383036308,0.012321502858556932,0.013512744894666836
2023-06-16,-0.0015404017609150433,-0.003412067952681282,-0.0007897971621723174
2023-06-20,-0.010404681043488588,-0.005201726603065472,-0.014269807716164448
2023-06-21,-0.0014474699268161662,-0.005136645323540535,-0.0019594655028499896
2023-06-22,-0.009966480697039254,0.0036031372472533755,-0.003930556098212774
2023-06-23,0.0027534519339434175,-0.007588719136218439,-0.012217421860141922
2023-06-26,0.0017380933759117798,-0.004094184057076794,0.0013279256074053996
2023-06-27,-0.00460411859047838,0.0109035737713221,0.01006864490356319
2023-06-28,-0.002310076023493695,0.0005042559269880778,-0.0008213878263150465
2023-06-29,-0.0010723394318449203,0.003933604134877978,-0.0014805456141930536
2023-06-30,0.006641221688667137,0.011731684044421568,0.015516902344030017
2023-07-03,0.001121247777740352,0.0011498523706774371,-0.0029214456746609256
2023-07-05,-0.003536277643963551,-0.0014882749950045203,-0.013089275195126315
2023-07-06,-0.002984649764026069,-0.007861537368550935,-0.017946706148654113
2023-07-07,0.007473004815488796,-0.0025278564648862165,0.006517976185539991
2023-07-10,0.0007833887164984092,0.002527856464886072,0.005979042534506848
2023-07-11,0.003740607755698653,0.006348421004697256,0.010705906102011593
2023-07-12,0.013450555215707776,0.008013773294870524,0.023477150829305567
2023-07-13,0.0007144446386035077,0.007905390893847225,0.015560867368045229
2023-07-14,-0.0031917364290746223,-0.0006229392388131719,-0.004737920168086624
2023-07-17,0.0007163001287566721,0.003466272139515311,-0.0014256979882535663
2023-07-18,0.011391151915954547,0.007403035752056121,0.005848366100790816
2023-07-19,0.00016334311378929522,0.002221316619883213,-0.00015753108172709052
2023-07-20,-0.005076251540707524,-0.006656670332305954,-0.003790333581918375
2023-07-21,-0.003069238517008006,0.0,0.0034749324217616152
2023-07-24,-0.0042906650791519445,0.004457322812640307,-0.005058465920471583
2023-07-25,0.0055524167407640206,0.002726416297644394,0.0019000323893261525
2023-07-26,0.0048672507195615744,0.00015362971797845725,0.0018962304641576674
2023-07-27,-0.015836715414990758,-0.006651985577355392,-0.005858552425600895
2023-07-28,0.007949707574281263,0.009742650787959892,0.008538881751953085
2023-07-31,0.002690787072192315,0.0019023313409843759,-0.0003149874369570163
2023-08-01,-0.010418766955581948,-0.002865681223241763,-0.011086468236318599
2023-08-02,-0.004776993918500052,-0.01400853433087524,-0.018322670567484267
2023-08-03,-0.00033420291832367705,-0.0028698436350588137,-0.0027613074100503745
2023-08-04,0.003613876354074006,-0.004533003263989158,0.0017875827193971647
2023-08-07,-0.002277988932518744,0.008690617488316139,0.009533916603764962
2023-08-08,-0.006361270240024672,-0.004358209219964037,-0.005321386646162665
2023-08-09,-0.00476956334967285,-0.006707758478666694,0.0022611074926073443
2023-08-10,-0.0010691758408616784,0.00035888239817656907,0.0038640403486247515
2023-08-11,0.0,-0.0005831871237661957,-0.008553284830320444
2023-08-14,-0.003045220530389694,0.005504786007539762,-0.0019466137178025765
2023-08-15,-0.0026580037072091345,-0.011717282820911333,-0.012912082044519813
2023-08-16,-0.005792775189194925,-0.007365287227840233,-0.006105057345403624
2023-08-17,-0.0015390561619561794,-0.0076488359784183365,-0.008643499394948073
2023-08-18,0.0001711135895520659,0.00048111263667208626,-0.001670986192297995
2023-08-21,0.00273392964256731,0.006485300868378847,0.005669579135723334
2023-08-22,0.0016481975934526548,-0.002712377875729709,-0.003664940492629369
2023-08-23,0.010113328144583607,0.011076099572576334,0.008309846944152162
2023-08-24,-0.0002248455933195227,-0.013955934148002318,-0.014000161424561695
2023-08-25,-0.0012941233726573686,0.007024992546390182,0.0071912130874768505
2023-08-28,0.002867238875764686,0.006321354457318495,0.01044354581065652
2023-08-29,0.00972069237763269,0.014351356844956442,0.01408239555621184
2023-08-30,0.002498750315822613,0.0041102706207931635,-0.00048779485534316647
2023-08-31,-0.001665111347163996,-0.0014645028720749638,-0.008987904924923053
2023-09-01,0.0004997991755412262,0.0018635024992245126,-0.0034530825887955584
2023-09-05,-0.008195174622491511,-0.004331210526524099,-0.012097138350518505
2023-09-06,-0.004544556063018457,-0.006745140331941402,-0.0036745946085014443
2023-09-07,0.0010678794784509471,-0.0030749540943777564,-0.004360317705571815
2023-09-08,0.0003369702787594387,0.0015049931196800378,0.0015114147492190433
2023-09-11,0.0018513951035425602,0.006554973343902444,0.010350856724765604
2023-09-12,-0.005169992663578624,-0.005500672119052245,-0.006498496368659212
2023-09-13,-0.002312682045193072,0.001165358872599734,-0.004187931242444812
2023-09-14,0.0005080950731221542,0.008585305660774395,0.011848135441630183
2023-09-15,0.00658210689497754,-0.012121417145114635,-0.0014940316549323768
2023-09-18,0.00587038313631886,0.0005864023926763673,-0.007016222710098439
2023-09-19,-0.0009480950413542692,-0.002076124573818821,0.0006719494815521118
2023-09-20,0.0007251297423292754,-0.009235711135858745,0.0018455188295205857
2023-09-21,-0.0072748111459232075,-0.01666654995691367,-0.01452002484197285
2023-09-22,0.0031961900557462815,-0.002251106541609755,-0.002213200120942817
2023-09-25,-0.005163898932470834,0.004196392593756738,-0.006841123814615819
2023-09-26,-0.008023084937964609,-0.014800163843468616,-0.012607042212001481
2023-09-27,-0.012443751217319037,0.0003989011781722182,-0.0043542673973630906
2023-09-28,-0.005009715204337903,0.005780731439314467,0.009727209936947243
2023-09-29,-0.010328505518099336,-0.002429745573645929,0.0013820434040868151
2023-10-02,-0.0105542058560987,-0.00039771417903332974,-0.01723734465661381
2023-10-03,-0.002892421000056923,-0.013476421230475905,-0.010770714397503644
2023-10-04,-0.00011826350756014561,0.007255302404827332,0.004958241886258058
2023-10-05,-0.0018344684108627424,-0.0003767092053597167,0.0058124725112455086
2023-10-06,0.005139851922273756,0.011802774700201406,0.012912527034931238
2023-10-09,0.018218478536943455,0.006381791246669373,-0.003125598609464946
2023-10-10,-0.0016795054754092334,0.005191341438965698,0.015530919895260948
2023-10-11,0.007276507826110017,0.004088034898118634,0.006655984480485244
2023-10-12,-0.0030543103873241243,-0.00611518933044803,-0.011462174096062957
2023-10-13,0.03164231938177581,-0.0049933213347466456,-0.00916081857144782
2023-10-16,-0.004876800474351656,0.010466530411664704,0.00916081857144784
2023-10-17,0.0018525567250013085,-4.589736221284086e-05,-0.0010327301437997945
2023-10-18,0.014367113783494704,-0.013414667551959036,-0.018601152990763124
2023-10-19,0.012199301049654077,-0.008825279650424974,-0.008281181031691252
2023-10-20,0.0027271753020748097,-0.012364174862441185,-0.009600163767665195
2023-10-23,-0.0033827788768209456,-0.0017346583770919913,0.0021413899536714878
2023-10-24,-0.00010933686369138149,0.007511038454311864,0.003736229814983418
2023-10-25,0.004199991317574014,-0.014456030832770344,-0.008918995709091031
2023-10-26,0.00157720800379265,-0.012046887048886217,-0.004309626372268423
2023-10-27,0.011562693424814757,-0.00454311886435987,-0.007042875835837805
2023-10-30,-0.0056565149769635704,0.011884966414975457,0.015465258094321374
2023-10-31,-0.005471503988171267,0.0062605288935652335,0.0017826400905243016
2023-11-01,-0.0031556165767174377,0.010608151909468571,0.006746143731361673
2023-11-02,0.0033185604405963163,0.018983166212475755,0.021701973812551525
2023-11-03,0.0036323164276059108,0.009082013719538144,0.008275786755113103
2023-11-06,-0.00782308105070571,0.00229784796184508,-0.0032676279951489593
2023-11-07,-0.004153745714032089,0.0028420035030114654,-0.004488906217519293
2023-11-08,-0.010017653470627112,0.0007322157891610765,0.004833351381015334
2023-11-09,0.003975057413790778,-0.007829470867733106,-0.0001722437135573162
2023-11-10,-0.010969699953245399,0.015484286258117229,0.004639625683656587
2023-11-13,0.005555261386915847,-0.0009535639347649526,0.0025682590061964043
2023-11-14,0.008879636186604733,0.01921483453630879,0.02915378461403008
2023-11-15,-0.0026390807860946154,0.0021148483377047647,-0.00016632934955785667
2023-11-16,0.011222864579353571,0.0012225550591210474,-0.0021617440971595033
2023-11-17,-0.00010890827769753537,0.0012429096500397733,0.013722588823396676
2023-11-20,-0.0016347162383040547,0.00766815011206009,0.004587227398975891
2023-11-21,0.010740019593542038,-0.002181732965086341,-0.0042588989180901565
2023-11-22,-0.004271361889171939,0.0038533301298545397,0.0016401642251745799
2023-11-24,0.005188115339681599,0.0006150712763562981,0.010595891382609393
2023-11-27,0.006715220224108336,-0.0018026621238239025,-0.003085674419195073
2023-11-28,0.013243765854618068,0.0009896528775836973,0.0
2023-11-29,0.0014783465644929395,-0.000703610881210169,0.004543914767689017
2023-11-30,-0.004176660491012712,0.003929765271094883,-0.002269240953031295
2023-12-01,0.0171240372669512,0.005898433674003992,0.009529252264330474
2023-12-04,-0.021850417580745678,-0.005263103465713639,-0.005480338036828861
2023-12-05,-0.003786606077863042,-0.0001971449382510268,-0.0009702399532010782
2023-12-06,0.003680115406357525,-0.004037912952452966,0.0001616594627692564
2023-12-07,0.001648967455985853,0.007601323884688295,0.0035524028020573304
2023-12-08,-0.013430173514668298,0.004290032573335,0.005465429477446476
2023-12-11,-0.011104320560253362,0.0038819179086563484,0.0014417884604841706
2023-12-12,-0.0005447904909059331,0.004556814707651288,0.0017593304898049496
2023-12-13,0.02231176448891427,0.013695981718259517,0.013963918914098618
2023-12-14,0.005845435089187853,0.0032042263659905167,0.011437732615356015
2023-12-15,-0.009208782757507668,-0.0016477518753706198,-0.011122581150230945
2023-12-18,0.004535187656823467,0.005609192428526643,0.002962760579733415
2023-12-19,0.006790830606181505,0.006062465959881281,0.01038737977118913
2023-12-20,-0.005460866362358439,-0.013954037440900518,-0.011812258372684516
2023-12-21,0.007045755720440373,0.009437140764371386,0.014782513659873325
2023-12-22,0.004424614031362936,0.002007713139261966,0.0006242079125509941
2023-12-26,0.007591842151508473,0.004213710968522525,0.0062208066285793
2023-12-27,0.0045275772625212145,0.0018063362564399376,0.005565836109110324
2023-12-28,-0.005832413160524644,0.00037764093076431626,-0.006806828183342261
2023-12-29,-0.001568069797763166,-0.002899184888589535,0.0009309366291676209
2024-01-02,-0.0023566846852945507,-0.005612035769785467,-0.012641623326192628
2024-01-03,-0.008371755159892112,-0.008200210648449033,-0.008517370912498184
2024-01-04,0.0010041086074332737,-0.00322627413568382,0.005686343786388906
2024-01-05,0.00015844285681933427,0.0013687315010344706,-0.0018919447098337148
2024-01-08,-0.00784697829301582,0.014174976088312662,0.011297763836940256
2024-01-09,0.0003193058065587502,-0.001518213681543528,-0.010036091510351295
2024-01-10,-0.0022906686849215973,0.005639466843842385,0.004246275653778426
2024-01-11,0.001971362878362661,-0.0004407041664688813,-0.004403824149847915
2024-01-12,0.009746417465784744,0.0006924102581946785,0.0028332551893475305
2024-01-16,-0.009533481464917172,-0.0036779967373082485,-0.019202398292593306
2024-01-17,-0.011077075533253638,-0.005573936203957467,-0.007882273754468497
2024-01-18,0.0081991767942437,0.008853303053871737,0.008843244495775032
2024-01-19,0.0029842685447011067,0.012389217300542333,0.0003202290494487086
2024-01-22,-0.003785111631635069,0.0021120895198323887,0.001758634362398771
2024-01-23,0.0038915513093621982,0.0029121039754982287,-0.002399062267097836
2024-01-24,-0.008281084265806402,0.0010926657147703844,0.00987892892721176
2024-01-25,0.003962127078988696,0.005424040072683398,0.004587571047675346
2024-01-26,-0.0006949345993064864,-0.0012711418452490799,0.008955947785221926
2024-01-29,0.007033690942252051,0.007888179160842054,0.0032794621252635113
2024-01-30,0.0013795741766668092,-0.0007737914105120574,0.00046767325078081836
2024-01-31,-0.0007426235867567754,-0.016451789130210993,-0.0075082995093971455
2024-02-01,0.010346957700093572,0.013003268499988221,0.009843132777369125
2024-02-02,-0.009498266920115546,0.01047220559459976,-0.009686072472105175
2024-02-05,-0.005529246178959096,-0.003647777627159559,-0.005825431946012769
2024-02-06,0.0052110917695982265,0.002899047670401368,0.008020780832776785
2024-02-07,-0.0002652330017039186,0.008305843455090924,-0.003294898468788845
2024-02-08,-0.0009022539588233346,0.0004417160487626744,0.0
2024-02-09,-0.003883683822386861,0.005762698928282553,0.003451524835872102
2024-02-12,-0.0026153866387210066,-0.00043911458167271916,0.0007827640693256546
2024-02-13,-0.01388463719494907,-0.013868717076671037,-0.019596031770583697
2024-02-14,-0.0005962900909107332,0.009046622498174164,0.013946341318023928
2024-02-15,0.00670130851432818,0.0068760360062306404,0.010956427511894604
2024-02-16,0.0036558786728406838,-0.0049924779100584404,0.0015554226823447294
2024-02-20,0.006045896751115412,-0.005520592142574142,0.005115989301318958
2024-02-21,5.331114505738622e-05,0.0009054726804274735,0.0012361975680637578
2024-02-22,0.0004266309391015458,0.02048424630759626,0.00998855969471541
2024-02-23,0.005635602023986148,0.0006893583401080403,0.0012225341972919774
2024-02-26,-0.002229172292928307,-0.0036691785764012487,-0.0010695802024556526
2024-02-27,-0.0010632481058260926,0.0018559626862470018,0.0016803189244270068
2024-02-28,0.001806857807827473,-0.001322514981534505,-0.005049260194395217
2024-02-29,0.0051370494877010335,0.0035885215983289982,0.0004600150522253514
2024-03-01,0.018734204946424127,0.009344411629882815,0.008397603549544545
2024-03-04,0.016045575240364,-0.0010729130739059135,-0.0013692529612891761
2024-03-05,0.006002093012312608,-0.010044468835889815,-0.004119424370512659
2024-03-06,0.008181839163568716,0.00505445822994158,0.010644981593466513
2024-03-07,0.005667751261581818,0.00987750859721712,0.015459800276325958
2024-03-08,0.008417025116951235,-0.006020171970849522,-0.004478264765653891
2024-03-11,0.0018333385345244608,-0.0008602940434872539,0.00014972101619190064
2024-03-12,-0.011000916093968595,0.010699900795418315,0.009676110391740222
2024-03-13,0.006982966028737541,-0.0015688203046639567,0.0017763497633825924
2024-03-14,-0.004183879789555109,-0.001978717560858097,-0.007421654846340417
2024-03-15,-0.003199519647615261,-0.006890268859496288,-0.0008993116728877271
2024-03-18,0.0016010012977577042,0.005925564713180833,-0.005865229279884558
2024-03-19,-0.0011504677080451668,0.0055417054207450335,0.0016577766926976116
2024-03-20,0.011841472011166752,0.009206889693541706,0.011974380998413602
2024-03-21,-0.0010391759354036452,0.0032992830810070614,-0.0025325238693891397
2024-03-22,-0.008053310017860683,-0.0018976125447877107,-0.002389755028248559
2024-03-25,0.0031893153617754324,-0.002766777681035048,0.0010462321535245893
2024-03-26,0.0032287432792988957,-0.0018485589372187572,0.0014927123291880503
2024-03-27,0.007214572450621008,0.008368568831575876,0.006096215840415117
2024-03-28,0.01281752820240996,-0.0001911770909885231,-0.001780599889172167
2024-04-01,0.01015632882706488,-0.0017410870708639517,-0.0017837147455190914
2024-04-02,0.014664311961913869,-0.0063783740755726905,-0.008665570829201868
2024-04-03,0.008734121015036823,0.0010979322656195938,0.0070280320623680595
2024-04-04,-0.005751211782367559,-0.012281378331660205,-0.007778608809073659
2024-04-05,0.01696939930469014,0.010392726993539821,0.002549616330924816
2024-04-08,0.006209168519561672,0.0005592182355988938,0.0050799978490832925
2024-04-09,0.005482001328254476,0.0011561237343662102,-0.002088566977111383
2024-04-10,-0.009508923035404604,-0.010063694565933912,-0.01186830786434208
2024-04-11,0.01924683287449554,0.007518649305322376,0.0006042172804582867
2024-04-12,-0.013327746093360097,-0.013899236606178393,-0.017367933384261274
2024-04-15,0.01854610800435578,-0.012607305857278962,-0.0015378517270543924
2024-04-16,0.0012212692273934644,-0.0018254527587405383,-0.00803604686628687
2024-04-17,-0.007395532411290297,-0.00593581994261948,0.003407868107519949
2024-04-18,0.0034096367107846366,-0.002059888526688224,-0.002322338465127396
2024-04-19,0.0031266420969041134,-0.00876671355849711,0.002476867445929848
2024-04-22,-0.025012716627157542,0.009167052026113948,0.011070227263126939
2024-04-23,-0.0024616906480957905,0.011796781136740604,0.013969236013803376
2024-04-24,-0.0018618228395408355,-0.0004747030691929033,-0.004685209428200678
2024-04-25,0.005945756955740473,-0.0038061322727661103,-0.0018196864254683683
2024-04-26,0.0032366836371748075,0.009429357257033425,0.0075598332825234085
2024-04-29,-0.002033283758808563,0.0035351708142568328,0.003158151320070957
2024-04-30,-0.02013850411793736,-0.015968039451985338,-0.014824002276530216
2024-05-01,0.009021337418355644,-0.003252496221421808,-0.0012198636124424221
2024-05-02,-0.003091862325121168,0.009309977605627236,0.009868748037419689
2024-05-03,-0.0007979449099420573,0.012319139389336669,0.00902391506753776
2024-05-06,0.010463427933373832,0.010273777791195272,0.008052505635972294
2024-05-07,-0.00461094049941965,0.0011028757685009362,0.0065137593031636635
2024-05-08,-0.0029453952906236033,9.678010419501501e-05,0.003682015007888
2024-05-09,0.01565541986116323,0.005745268048602524,0.008782321734193946
2024-05-10,0.008079783894319735,0.0012872794721185815,0.004507705375585884
2024-05-13,-0.011265319955387511,0.00013411794860306592,0.0005799114257846053
2024-05-14,0.008426442720749588,0.004577789017668507,0.008374461756012445
2024-05-15,0.012757032448187955,0.012307142355697354,0.01086778741515582
2024-05-16,-0.003900942141432421,-0.002059640505515065,-0.005848031102292071
2024-05-17,0.016363162829441925,0.0014365109465442336,0.002714192452103657
2024-05-20,0.004015863208074463,0.0011515089682522465,-0.0004279805180629047
2024-05-21,-0.0014706294501547247,0.0024494637136125126,-0.00014266164754137998
2024-05-22,-0.018544867564565665,-0.0028834311520485284,-0.007882526902604867
2024-05-23,-0.02014614803918644,-0.007331204647385969,-0.00461510904218581
2024-05-24,0.0009266841017383871,0.006594483741507535,0.007775508848136232
2024-05-28,0.01045829379441463,0.0006988625394648586,-0.0018661991669946937
2024-05-29,-0.009347362870368763,-0.007027381575256377,-0.014911732152384042
2024-05-30,0.0018949634848045166,-0.006655798709975554,0.009435965090815084
2024-05-31,-0.005881436093592545,0.009066984576428747,0.009204807235625454
2024-06-03,0.008878251926791354,0.0008149082918814593,0.0012878379330872208
2024-06-04,-0.00901759641821021,0.0011172655707431993,-0.0031506789401488295
2024-06-05,0.011775993219294973,0.011815107203701696,0.009563936090070906
2024-06-06,0.0073641743967564136,-1.8523184051498192e-05,0.0039699679030411415
2024-06-07,-0.036335512840658196,-0.0012165987498850377,-0.013103718594074356
2024-06-10,0.009126408480625946,0.0030850076840254494,-0.003015309881338732
2024-06-11,0.0028525382508942246,0.002405443553624591,-0.01215281130934836
2024-06-12,0.002658183908153708,0.008179449559839557,0.015598003438295018
2024-06-13,-0.008183543017197694,0.0020117165638357942,-0.015452658613143013
2024-06-14,0.012876289526632455,0.0006080850545317913,-0.016434611141130727
2024-06-17,-0.005205175700450875,0.00792732281595392,0.007957573953270817
2024-06-18,0.0039992641040523845,0.0025376122577793884,0.00497816047169852
2024-06-20,0.012407060942233438,-0.00272036924540566,0.0024796975581903038
2024-06-21,-0.015614512577113812,-0.001341507182864606,-0.008138660793197796
2024-06-24,0.0039497558204108826,-0.0032560346669104397,0.0089074640409206
2024-06-25,-0.004974590412272679,0.0038434737094737987,-0.0019230573547221281
2024-06-26,-0.009271011435783051,0.0012472635714515352,-0.008924747501283794
2024-06-27,0.011273144249924162,0.0015754492332377332,-0.0010463510890386229
2024-06-28,9.297215668029186e-05,-0.0039429422871660675,-0.0013471278387809024
2024-07-01,0.0026012036358740546,0.0020560234734480604,0.005972869170949369
2024-07-02,-4.643502198142268e-05,0.006707004633731091,-0.002683553011980497
2024-07-03,0.01120993363706169,0.004452819797731044,0.012461471743718207
2024-07-05,0.013396660734694752,0.005749808520088039,0.008222006325500499
2024-07-08,-0.012479622087256387,0.001153206388531594,-0.004983771763376699
2024-07-09,0.00169431118809057,0.0009722620443385531,-0.00796695176333722
2024-07-10,0.003653653384415314,0.009846419115185471,0.012365538178755296
2024-07-11,0.017578001160184497,-0.008659955000958364,0.004816681884525207
2024-07-12,-0.0006272936376368344,0.00628781650657893,0.011868717392256029
2024-07-15,0.0032219172131206842,0.002746178685302027,-0.010850080192878572
2024-07-16,0.01972987782004887,0.00591260159079859,0.0037746023494235515
2024-07-17,-0.0046540195707980275,-0.014120464933160073,-0.005375953198564736
2024-07-18,-0.006401633154546632,-0.007714435834005136,-0.00819193768265092
2024-07-19,-0.018100662230646155,-0.006662675135904506,-0.006040715097292188
2024-07-22,0.0003156824791686295,0.01025707037394761,0.013941168572376376
2024-07-23,0.003510507096461622,-0.0015696256870816154,-0.008635141861709408
2024-07-24,-0.0035105070964615765,-0.02292338939844813,-0.009303848762170613
2024-07-25,-0.015768400613655725,-0.005223930049926091,-0.0034182331125943797
2024-07-26,0.010479424389843233,0.011137417389716396,0.014044156431959116
2024-07-29,-0.0014060442276131696,0.0005875145921885963,-0.007514992501649893
2024-07-30,0.009935936183544776,-0.005079319493174008,0.0036909202749471582
2024-07-31,0.017948680176279857,0.016123925168381226,0.008802913974139263
2024-08-01,-0.003448883709883457,-0.014262093335322532,-0.02096015820504455
2024-08-02,-0.0019064443892985788,-0.018793875110654085,-0.007636520206049127
2024-08-05,-0.01277316576262444,-0.02955638698971215,-0.022343146577137544
2024-08-06,-0.008032891286850252,0.009177427590991945,0.002609660961416248
2024-08-07,-0.0006798590470787476,-0.0067063023484072145,0.001531776792270069
2024-08-08,0.01556622880577821,0.022853846948137926,0.013833228209435547
2024-08-09,0.002452251987911254,0.004399999438725514,0.006320597788198321
2024-08-12,0.01699935451192235,0.0005255015443567116,-0.0024031850214446173
2024-08-13,-0.0015335341694870399,0.016311846846681518,0.013294628651657982
2024-08-14,-0.008189191333501105,0.003149699160198637,0.00547551781247785
2024-08-15,0.0031339290416113642,0.01699504262620347,0.010131544459632935
2024-08-16,0.0221408117352879,0.002239484132851063,0.005390834600251002
2024-08-19,-0.0016393656726291592,0.009515898349431765,0.0111266074784018
2024-08-20,0.003663270802502215,-0.0016273842100019843,-0.002734225294654834
2024-08-21,-0.0013345079227065216,0.003430791695667201,0.008465398199481184
2024-08-22,-0.012047289256477975,-0.00787936278678819,-0.005874856407318645
2024-08-23,0.011487194343258993,0.010569109736273369,0.016957652823590675
2024-08-26,0.0031842629268953445,-0.002386653904955314,-0.0031134092101513535
2024-08-27,0.00270301522962425,0.0013721290323900149,0.004243221541779059
2024-08-28,-0.007051666972008083,-0.005822101403040916,-0.004243221541779075
2024-08-29,0.005164620716356872,8.941311264362222e-05,0.0031134092101513418
2024-08-30,-0.0071515197828322195,0.009500686919605783,0.0022583496277661873
2024-09-03,-0.00433295027353233,-0.020793503959488143,-0.018928772784171526
2024-09-04,0.0006077417877377091,-0.0020489284680246813,-0.0025896798559274523
2024-09-05,0.008297784905920138,-0.0024353705003781687,-0.0023074118959199837
2024-09-06,-0.007430165851405754,-0.016973213906034988,-0.013226099627027376
2024-09-09,0.004197056104325384,0.0111340394079481,0.0065621980048341565
2024-09-10,0.004394427867847918,0.004346228115252966,-0.0048077869074596505
2024-09-11,-0.0015918222264343484,0.010206697423128894,0.0053889098695545454
2024-09-12,0.01741476344611925,0.00838784610743805,0.006948784686005218
2024-09-13,0.009894570827460453,0.005209192398903249,0.006183905207608429
2024-09-16,-8.375168155570817e-05,0.0014759484557786984,0.00728520450788897
2024-09-17,-0.005546263478781612,0.0004085390601458334,-0.0037075553320751703
2024-09-18,-0.007740344731775493,-0.0029702317663818267,-0.0024313245042766954
2024-09-19,0.015421236419487627,0.01692041774980828,0.017179433710966543
2024-09-20,0.012630557682531525,-0.0017303176895834146,-0.015055981568003626
2024-09-23,0.00193852671610104,0.0024958972120714042,0.0031463189365448134
2024-09-24,0.013872405171650835,0.0028570738296897257,0.00952188280307295
2024-09-25,-0.0013827232563758825,-0.00220779158072955,-0.005815940850251408
2024-09-26,0.005073989582052931,0.0039568518361695355,0.020140200191151817
2024-09-27,-0.00796748708764577,-0.001451451782586848,-0.0005577940790634248
2024-09-30,-0.008031540905021974,0.003999298913751391,-0.008124427660332584
2024-10-01,0.01043659814331518,-0.008998864597382177,-0.011173527235526143
2024-10-02,0.000203566476664949,0.00042209417159815146,-0.003133884850852704
2024-10-03,-0.0006922454344502302,-0.0018300703401281987,-0.011479394162961648
2024-10-04,-0.00199802503899798,0.009046383469440271,0.00546907056889501
2024-10-07,-0.0033935140367649104,-0.009081597315396567,-0.005902177462596825
2024-10-08,-0.007399232494344503,0.009413109760801184,-0.001011273798299042
2024-10-09,-0.0054610705017173605,0.006902713739553311,0.0036066391645630256
2024-10-10,0.007316064767089658,-0.0017516779145616303,-0.0028841295290343715
2024-10-11,0.01085428686886074,0.005970268667251023,0.006190941625367258
2024-10-14,-0.0016308312397319176,0.008145300501819257,0.003295913121056804
2024-10-15,0.0034623584364339233,-0.0078000503766040155,-0.014845146360853474
2024-10-16,0.0049891427128232555,0.0043368886625765055,0.001305990953865811
2024-10-17,0.005970452161761758,8.600071030762595e-05,0.0011595941440374583
2024-10-18,0.010562207979593495,0.0038390623573078863,0.007503539118973482
2024-10-21,-0.0001990210805239133,-0.001643523314490665,-0.010550007934315124
2024-10-22,0.010729555523637746,-0.0005311072290464711,-0.003930406650610944
2024-10-23,-0.012123752431615111,-0.009179688896090341,-0.006438375400313947
2024-10-24,0.007663817134299539,0.002160682178107322,0.004686583358039515
2024-10-25,0.0020548662166116312,-0.00034578714107812375,-0.00468658335803954
2024-10-28,3.945329776617785e-05,0.0030867691216470753,0.009351422906212959
2024-10-29,0.010835937036952448,0.0016170714627323846,-0.008471028703843485
2024-10-30,0.005490789207931537,-0.0030299017723833177,-0.00795159119587551
2024-10-31,-0.01561647178727062,-0.01979766789980914,-0.00682409030373116
2024-11-01,-0.004110813705942248,0.0042117066421415985,0.0029726175114684
2024-11-04,0.0014248987496042703,-0.0021563246479460864,0.000593500650532702
2024-11-05,0.0022519104403696992,0.012019183608750759,0.006946986755716707
2024-11-06,-0.030857976694085517,0.024561477968850064,-0.02158933528462132
2024-11-07,0.01594864539186116,0.007702427366209384,0.015828294145039404
2024-11-08,-0.006792442588197375,0.00432235678554351,-0.015527240418149534
2024-11-11,-0.02375140115119195,0.0009524320233579573,0.0003008412423859018
2024-11-12,-0.008668821068980244,-0.0031112750719250325,-0.02051598024664077
2024-11-13,-0.010132384997697268,0.0004857550550502573,-0.005697077060953786
2024-11-14,-0.002612551531378293,-0.006451074270588728,0.0029295378220209104
2024-11-15,-0.0017736414154014318,-0.012891273752492063,-0.0029295378220210158
2024-11-18,0.01884162282592499,0.004089144509270652,0.004006730705316972
2024-11-19,0.00891942849470824,0.003648809195689171,-0.003080679424065744
2024-11-20,0.005616245032295766,0.00033866482824203157,-0.002007508558495167
2024-11-21,0.008304918886222272,0.005353994489823421,-0.0018568134421911911
2024-11-22,0.012809813332372074,0.0030944963100148163,0.0037100604982573298
2024-11-25,-0.029901483187305778,0.0033865736971233798,0.0055393470306281944
2024-11-26,0.001936433160954421,0.005207692294964413,-0.005848129030022107
2024-11-27,0.0022202481870022992,-0.003034584391838552,0.008146988967544589
2024-11-29,0.008587567442534243,0.006192937870248348,0.010356606612434269
2024-12-02,-0.008792948302693988,0.0017906196973309035,0.00015148033387043424
2024-12-03,0.0020107532444556663,0.00046363159719440747,0.003478279932705855
2024-12-04,0.00302908748607766,0.006190516696171581,0.00331585243922518
2024-12-05,-0.0074252082091734815,-0.0016470951992252744,0.009881792293948739
2024-12-06,0.0003705001517975754,0.0018939000361718997,0.0008933843460647599
2024-12-09,0.009870874002918592,-0.00516297833458787,-0.0016386626820488056
2024-12-10,0.013078415980993926,-0.0031138339952738606,-0.00793375252453144
2024-12-11,0.009488652360594872,0.0077008054153845235,0.004498530256580728
2024-12-12,-0.01477229774782158,-0.005165960799480725,-0.007960979269847328
2024-12-13,-0.01216527622337442,-0.0001984317302660415,0.0
2024-12-16,0.00241229791280552,0.004260965170708896,-0.0022644991646303
2024-12-17,-0.003846011153453628,-0.004128810412965806,-0.0045449326073539855
2024-12-18,-0.01937149963953244,-0.03025640131883666,-0.02350511780162506
2024-12-19,0.0014200879312812307,-0.0003073061747882439,-0.002957939965694303
2024-12-20,0.01037999743966833,0.011939453918031324,-0.0023837474882761707
2024-12-23,-0.004719916680210798,0.005970350764072044,0.00473038254025499
2024-12-24,0.001990032656870636,0.01105378008050223,0.005490593771387144
2024-12-26,0.0067284927019149185,6.658957764061234e-05,0.0026560322556621854
2024-12-27,-0.006894214453703814,-0.010582380600210406,-0.0032819817595006956
2024-12-30,-0.0031947790408758405,-0.011477198153203867,-0.006596644940690438
2024-12-31,0.006214287831739849,-0.003644664109505321,0.00015773354040773965
2025-01-02,0.013496228917030742,-0.0024599355704674427,-0.004421343281653297
2025-01-03,-0.007895124609843816,0.012425881210557134,0.0041061038514149115
2025-01-06,-0.0012328556129918074,0.005743981611671598,0.013462864406510098
2025-01-07,0.0056176267350635505,-0.011368527222550412,0.0
2025-01-08,0.005301603121984425,0.0014599454310130326,-0.003894927395000496
2025-01-10,0.009512918374949771,-0.015385176811872776,-0.01035628108082171
2025-01-13,-0.01000110030367562,0.0015492772107024103,-0.0052185764121436395
2025-01-14,0.005235693007988435,0.0013750046715824025,0.004587491314514967
2025-01-15,0.007461090407550896,0.01802667614531019,0.012858834684994514
2025-01-16,0.0068871946090514665,-0.0019249532292756927,0.008533197603769327
2025-01-17,-0.005321403332684962,0.00998973135235659,0.005238755972702172
2025-01-21,0.015366546556984287,0.00911194418813655,0.022790497110380083
2025-01-22,0.005122510213068569,0.005605693510050777,-0.0022558421159190024
2025-01-23,-0.0014158718257654048,0.005443217316000488,0.009887659670911254
2025-01-24,0.006199449222329872,-0.002923534324684772,0.0019361250823468326
2025-01-27,-0.010459313683880304,-0.014246458926308145,0.005490304084872573
2025-01-28,0.008619165823801737,0.008555612355654503,-0.00415207028679643
2025-01-29,-0.0038478030414185464,-0.004493046251065646,0.0010396646406110152
2025-01-30,0.015031970539815968,0.005352834514462396,0.009601865861831097
2025-01-31,0.0019744486005825435,-0.005336020290949308,-0.007674126595211383
2025-02-03,0.005323078655223283,-0.006752402104226648,-0.014775402988413356
2025-02-04,0.00980023748604468,0.0066860719607160935,0.012550675980494478
2025-02-05,0.00619034264242983,0.004046225621691008,0.010192916438951616
2025-02-06,-0.0026537744373774834,0.0034695007611694672,0.005569421418323614
2025-02-07,0.001782570144409176,-0.009195664775840797,-0.009840932479434107
2025-02-10,0.01679638680250656,0.006768371131536421,0.0073530808630662674
2025-02-11,-0.003658285589870855,0.0007602520504134384,0.008317155740213402
2025-02-12,0.001046607072714827,-0.0032266848954484524,0.0070945726411595815
2025-02-13,0.009814510830150894,0.01050215906498357,0.010905680553292382
2025-02-14,-0.014983466926549421,-4.9279997859525275e-05,0.0018534125993517321
2025-02-18,0.01642526914447792,0.002931494813553513,0.006955932285878128
2025-02-19,0.0005539429240083393,0.0023522518840006184,-0.012813457681665832
2025-02-20,0.000516699154436362,-0.004169024434302625,0.0061425717822271375
2025-02-21,-0.0009229691054979344,-0.017251969251218507,-0.0041385112704372205
2025-02-24,0.0054148811569904014,-0.004560894960155602,0.0
2025-02-25,-0.013276072540975698,-0.004985590368680155,0.011233633440484786
2025-02-26,0.0015251697060953886,0.0005047746113122283,0.0011305307831253981
2025-02-27,-0.015357280506670757,-0.016090566734366735,-0.013938289236317295
2025-02-28,-0.006285532695668532,0.015484869306043737,0.005427589896704722
2025-03-03,0.01309428477593445,-0.017675268948049022,0.013301556909012423
2025-03-04,0.008660029400338953,-0.011907589112826982,0.0015449399155040922
2025-03-05,0.0020791481693780457,0.0106907062148917,0.025496907202222842
2025-03-06,-0.005094160642131142,-0.01791070464120093,-0.011005799319440738
2025-03-07,0.0005218196474086795,0.005589236918639989,0.01442023386379973
2025-03-10,-0.008794495623060066,-0.02699688580787303,-0.025268718467512715
2025-03-11,0.01165930639065754,-0.008347525201617962,-0.0022400781751896253
2025-03-12,0.004337373317600702,0.005292569828978419,0.0032184527283305826
2025-03-13,0.01760034574283983,-0.013420084184445498,-0.008276599771840558
2025-03-14,0.0003996778676249641,0.020445242975871563,0.020495577800158486
2025-03-17,0.005398932434643415,0.00768186670863444,0.010297376235210577
2025-03-18,0.011604364010877142,-0.010867323940460919,0.0039533520080969565
2025-03-19,0.00409929439969153,0.010831967834690391,-0.0004084051269853411
2025-03-20,-0.0012814060805390753,-0.002895887979129496,-0.010398032424093583
2025-03-21,-0.008082476604942154,0.0003298375522347131,-0.008821420204616253
2025-03-24,-0.004462490783133984,0.01775001993397574,-0.0006968992824496163
2025-03-25,0.004390711790074645,0.002401044531065827,0.005977057232141983
2025-03-26,-0.0008263225124260293,-0.012010168785888266,-0.01423628064904689
2025-03-27,0.013316671121389569,-0.00265926860372378,0.002106327416910254
2025-03-28,0.007384788228782128,-0.020343973041980924,-0.004357835188219583
2025-03-31,0.014261049112946074,0.006690370846945923,-0.01090759815614493
2025-04-01,-0.0019801896396476866,0.002820572144887285,0.002560514504930838
2025-04-02,0.0020495598046479263,0.006308358691470958,0.003262212511826001
2025-04-03,-0.0060565822044141146,-0.05053630435939214,-0.01440501777253261
2025-04-04,-0.02367020473214484,-0.06032671113300068,-0.06821355327191157
2025-04-07,-0.021719986685703737,-0.0017827766547531929,-0.03156014089611819
2025-04-08,0.0054290299021522185,-0.015786711295426383,-0.004294830790867831
2025-04-09,0.036323492196158734,0.09986298427539099,0.07180521044984638
2025-04-10,0.02413009288681445,-0.04480823156576204,-0.013292800352575027
2025-04-11,0.01890679950058093,0.017685461970366075,0.02641121766876291
2025-04-14,-0.005722318290653523,0.009654749533665984,0.007440316931937699
2025-04-15,0.005218738019025799,-0.002804836796243976,0.009978972309257697
2025-04-16,0.032022570753676,-0.02247872738938427,-0.0040373831562601934
2025-04-17,-0.004400359490663115,0.0014257003179427759,0.01034949882333994
2025-04-21,0.030466725196562627,-0.024090628879336547,-0.006743839731479275
2025-04-22,-0.014297390879940051,0.025685116511127353,0.020378368801054144
2025-04-23,-0.024270798064606143,0.015376535724403154,0.0033796979342851086
2025-04-24,0.014451351409752674,0.02083067375431758,0.012990005775586384
2025-04-25,-0.010900878955956528,0.0071992205898576515,0.004154722221406657
2025-04-28,0.014141637459613693,0.00038120009712900725,0.006474107395940146
2025-04-29,-0.009786658970495412,0.006279742980455942,0.002057610291472448
2025-04-30,-0.007510353244041899,0.0003966397199767177,-0.000959654812341616
2025-05-01,-0.02099106650379782,0.007061985850203467,-0.003572469794858377
2025-05-02,0.0017466735903771576,0.014735040614723718,0.02084105494978263
2025-05-05,0.029430400577679455,-0.005750719326023617,0.0013472187853860876
2025-05-06,0.027638515747736927,-0.008393673875559705,-0.0025613017788793492
2025-05-07,-0.015106592963135799,0.00419681980906973,-0.002973618545467822
2025-05-08,-0.019890788928179075,0.006943709424319438,-0.0036616859814290483
2025-05-09,0.007228485693538802,-0.001275143396223258,0.006635304526896766
2025-05-12,-0.028595551740996136,0.03251310683659708,0.00215731593738624
2025-05-13,0.004249948759953267,0.0065823624959963035,0.004032425914295794
2025-05-14,-0.02126227662564288,0.0012770557867173712,-0.002283141121156226
2025-05-15,0.015837869719407486,0.004872501047651316,0.009899804268644419
2025-05-16,-0.012160689602209927,0.006314068180387681,0.0023933539046060767
2025-05-19,0.012798420816745652,0.0010932218581512902,0.012799415313968072
2025-05-20,0.018450974483986242,-0.0033678184156015266,0.006534421805967782
2025-05-21,0.007351594562024017,-0.016994471201904955,-0.005223991708773534
2025-05-22,-0.008900989925318167,0.0003947364002034118,-0.0013104300971942414
2025-05-23,0.021669792905121613,-0.006849253936013615,-0.0015744928346492645
2025-05-27,-0.017094433359300068,0.02057750809639445,0.011879290383542435
2025-05-28,-0.002268589173612519,-0.005802252297463494,-0.009780377599294536
2025-05-29,0.0059072333619440654,0.003939671569296213,0.005097641041439439
2025-05-30,-0.006598665713002106,-0.0011191319232543386,0.0007822230089962575
2025-06-02,0.026233913208447007,0.0056171157210044296,0.009723111012100837
2025-06-03,-0.008894994642019345,0.005686359240649595,-0.008551441709727827
2025-06-04,0.0064213132412345815,-0.00026844462670427653,0.006614409171171517
2025-06-05,-0.005062672644074125,-0.004844575652615554,0.001033489105021455
2025-06-06,-0.01350688232494814,0.010216662684454049,0.002708082051197841
2025-06-09,0.004707437493749117,0.0009008229136485706,0.0
2025-06-10,0.00029346792267399537,0.00565370603234998,0.0018014932714601906
2025-06-11,0.005397696978330561,-0.002856049644768554,-0.0011576054985316345
2025-06-12,0.01234370232269246,0.003966398812071524,0.009223538347177469
2025-06-13,0.01301549409169947,-0.011243026407137481,-0.015290943849629542
2025-06-16,-0.014361734303802328,0.009469264508429075,0.003618979111860521
2025-06-17,0.0005130624809404316,-0.008581787124168365,-0.01455516840016566
2025-06-18,-0.00540018233840262,-0.00015093163017464368,-0.0006547243620809225
2025-06-20,-0.0004191069541604869,-0.0023511326455011292,-0.006039435337011764
2025-06-23,0.003058490504208936,0.009829022247643619,0.008654617978599132
2025-06-24,-0.015844238391270016,0.010986611589662867,0.013170109325511097
2025-06-25,0.0030327025232496515,0.0005601258187577922,-0.006168357949458393
2025-06-26,-0.0011076604529502278,0.007793464081053564,0.008520744435356779
2025-06-27,-0.018289975504647085,0.004955920549640484,0.009224935326785753
2025-06-30,0.011913301279755133,0.004769886151343328,0.002325340651657029
2025-07-01,0.008883435847179964,-0.0003235667452566817,0.0007738797032759194
2025-07-02,0.00551237530942954,0.004522921365540603,0.0029610705778455194
2025-07-03,-0.006846293882020621,0.007850504238325978,-0.0005143613551893911
2025-07-07,0.0007485003525817282,-0.007479876580079352,-0.007098996361440017
2025-07-08,-0.010498326962963742,-0.000547984836820604,0.00953973380630772
2025-07-09,0.004461316177625558,0.005978847174266702,0.009576706592025027
2025-07-10,0.002223316131965108,0.0028163874172284034,-0.00012692011664908577
2025-07-11,0.00955577301886398,-0.0035217006609310183,-0.011376162565054347
2025-07-14,-0.0036620144241214002,0.0019063658432794167,-0.0005143613551893911
2025-07-15,-0.004164364075514542,-0.0042823684543158574,-0.011643069361838955
2025-07-16,0.004975696789391886,0.003337598209687879,0.004414499379940027
2025-07-17,-0.0021758989541098375,0.0061009889381351675,0.0009064594045861439
2025-07-18,0.0025975477973482998,-0.000732504557334665,-0.0011656570243534332
2025-07-21,0.015253192127432761,0.001894249748886786,0.0046540919626835
2025-07-22,0.0094401831613078,0.00014308705537016195,0.005915781897177939
2025-07-23,-0.012478717461642091,0.00847139524649818,0.020056518686963173
2025-07-24,-0.006137070328856787,0.00033116948173152877,-0.010994077062153673
2025-07-25,-0.009293039490678532,0.004215440684552298,0.0021578984581918604
2025-07-28,-0.006494663067578282,-0.00025119741521783395,-0.01816846050716685
2025-07-29,0.002746613677307996,-0.0026410495605851667,-0.0014213222333255189
2025-07-30,-0.017424424698434752,-0.0012601632939269942,-0.010920548855448178
2025-07-31,0.006623418228251275,-0.003758119781633972,-0.011173232455434785
2025-08-01,0.020096397826572604,-0.016526324169925635,-0.005168663853282812
2025-08-04,0.005806339793967675,0.015085405109181525,0.011493512497320542
2025-08-05,0.0008037680984962059,-0.005082920296747279,0.001050538249652233
2025-08-06,-0.0021233597342562006,0.007630669984759495,0.004712579963424741
2025-08-07,0.008402586680171171,-0.0008379873633206979,0.010523003530529176
2025-08-08,-0.00022360485625666846,0.00776721341099377,0.0032255752388765583
2025-08-11,-0.014479017992943764,-0.0019794591832815807,-0.00516590594177963
2025-08-12,-0.0009078785028290671,0.010589712348546611,0.010177167898992428
2025-08-13,0.003044643380447489,0.0034174785182060283,0.0072792265962374845
2025-08-14,-0.006358881635978504,9.291355233127299e-05,0.001906685570765713
2025-08-15,0.0005856467855486066,-0.002344038723875428,0.0026635059988473686
2025-08-18,-0.0015624875893944005,-0.00021754442121282353,-0.0019015092430651832
2025-08-19,-0.005488312721199512,-0.005439966259085958,0.002154863776941842
2025-08-20,0.010071289165624142,-0.002660617109700641,0.005430366848847419
2025-08-21,-0.00347592916281607,-0.0040198787023870254,-0.006063773938156137
2025-08-22,0.010649518982753443,0.015240110357538828,0.015964271188185906
2025-08-25,-0.002417757282480456,-0.004410733032418605,-0.014950952610895669
2025-08-26,0.0072358055476428994,0.00417822779510161,-0.001520313336663277
2025-08-27,0.0020166939883499383,0.0022758610152143876,-0.0027927252805313952
2025-08-28,0.007391652350960381,0.003535163844696036,0.0024123353867777247
2025-08-29,0.009603638858147003,-0.005981492907034908,-0.004448573266541468
2025-09-02,0.02336740250914344,-0.007437940668457636,-0.01398263012350649
2025-09-03,0.007801481349128729,0.005405009131919811,0.00412530321719137
2025-09-04,-0.0044286747373555105,0.008322686906872429,0.005900504072317143
2025-09-05,0.013257668006979742,-0.002900395915191045,0.004848162113668956
2025-09-08,0.011323711365555902,0.0024534699359041816,0.007101958275383913
2025-09-09,-0.002272485609217019,0.0023092163266358,-0.0017707417356809293
2025-09-10,0.0035857690781288176,0.0028867295722736852,-0.0026619557237524865
2025-09-11,-0.0014924929949519461,0.008275761656662035,0.010731583464524063
2025-09-12,0.0019696315993883206,-0.0003344987008828243,-0.003396380689807601
2025-09-15,0.010351078276418409,0.005309653366226374,0.0074070039783239484
2025-09-16,0.00200440059968761,-0.0013777402281604336,-0.003131927034723797
2025-09-17,-0.007745087571334619,-0.0012432295513901252,-0.003897032110470442
2025-09-18,-0.004014356216469492,0.004661617295406556,0.004022525327588578
2025-09-19,0.010551365296973236,0.004940643347549601,-0.004677457794866061
2025-09-22,0.017158380367683163,0.004719893112429032,0.0041616707990152196
2025-09-23,0.004078048498240162,-0.005458433114998444,-0.0006293302451694176
2025-09-24,-0.009104369003754706,-0.0031867367823490696,-0.006569952880803019
2025-09-25,0.004156538489887818,-0.004624049362276245,-0.00955233726313747
2025-09-26,0.005755674720215595,0.005712685577890228,0.010439232101913713
2025-09-29,0.01636192499893196,0.0028065048617203843,0.003161174916064758
2025-09-30,0.008503744538253297,0.003759757999068319,0.007421052562409179
2025-10-01,0.0015741326049985922,0.003401687540903722,0.01146286399194595
2025-10-02,-0.003488904306035992,0.0011511619554406625,0.0023509881698933967
2025-10-03,0.008000845595952238,-1.4805515983767243e-05,0.005423362696800599
2025-10-06,0.018670357712142448,0.0035798566266859286,-0.0030779854179744425
2025-10-07,0.005146197838027116,-0.003714403753721363,-0.007549908305090605
2025-10-08,0.016356457714615965,0.005945346619066807,0.005822294582018473
2025-10-09,-0.018625225753276277,-0.002901179078111572,-0.010679364381396826
2025-10-10,0.010047058859954893,-0.027399832538963102,-0.011552105792866705
2025-10-13,0.024010471634505016,0.015227587680655873,0.006922201185641234
2025-10-14,0.007115811676483972,-0.0012223931057610573,0.0038805798459761393
2025-10-15,0.01718391083164241,0.004429704266786335,0.0022462919217253103
2025-10-16,0.02311798516943165,-0.006833429349370981,0.0069565630098037045
2025-10-17,-0.018996349267191237,0.005660156214500435,0.0002476459931162469
2025-10-20,0.03575507474940295,0.010346787167762106,0.004322312046563144
2025-10-21,-0.066427122202817,-1.4942990429156014e-05,-0.005932573613148108
2025-10-22,0.00010605032482095541,-0.005212477453439929,0.0003718066047787698
2025-10-23,0.0039943702532297155,0.005912449677416068,0.0058071873673780855
2025-10-24,-0.003358466049881991,0.008139340211438471,0.0014772483312296978
2025-10-27,-0.02823439606845571,0.011728614603400918,0.004908555576724604
2025-10-28,-0.007191829710492189,0.002652405470411232,-0.0025739366902638697
2025-10-29,-0.003794458273018786,0.00048034486890569355,-0.005414782824347948
2025-10-30,0.019451474207493994,-0.011059023816543079,-0.00470004462680589
2025-10-31,-0.005445349765875755,0.0032747633713081084,-0.0044731489003060985
2025-11-03,0.0017912982604373527,0.001874980999473234,-0.0016202962813638773
2025-11-04,-0.01767243750416923,-0.011924360802475447,-0.010785169392431125
2025-11-05,0.01149801326624798,0.0034593945896944198,0.00828741900656732
2025-11-06,-0.0012012407765740096,-0.010787338554332244,-0.00476317958703013
2025-11-07,0.006100376279774767,0.0009840807123627038,0.004888313449043983
2025-11-10,0.026974026330607748,0.015483874055295284,0.011807865415662665
2025-11-11,0.0039300815092205245,0.002286560853950906,0.01057041578698752
2025-11-12,0.015982361021277473,0.0005562356386344725,0.005851477029846135
2025-11-13,-0.00811594387120292,-0.016733127522772336,-0.00719735068577876
2025-11-14,-0.018212761198262515,-0.0001637462058360441,-0.007619546401784079
2025-11-17,-0.011530197275275704,-0.009360200151483112,-0.012288339969594667
2025-11-18,0.0072386702324458525,-0.008433012224853832,-0.009789274269685639
2025-11-19,0.0016281258445646413,0.0038558269714436774,-0.003917358232185154
2025-11-20,-0.00029336859393561273,-0.015359584109870688,-0.013768743620725363
2025-11-21,-0.0015485295000223418,0.009911853052476355,0.01516039680534275
2025-11-24,0.015720029429592993,0.014611339452438529,-0.0025318021415169953
2025-11-25,-0.0003157406112365523,0.009361876598705392,0.01696761761921528
2025-11-26,0.007966521739529534,0.006879861801814111,0.009427056632356816
2025-11-28,0.012347782735317652,0.005443590966696786,0.00652191844832066
2025-12-01,0.004809481913078849,-0.0045760143551639544,-0.00504147526803453
2025-12-02,-0.006460877304549151,0.0018506539870985284,0.00455065452480105
2025-12-03,-0.0009300505859088987,0.003456767569100685,0.006726731812722627
2025-12-04,0.0006459865002764292,0.0007308726355028201,-0.0006096286221382094
2025-12-05,-0.001783943580710258,0.0018975931835084833,0.00036572614692519144
2025-12-08,-0.0026429393579943225,-0.0030087308003297914,-0.0023191348120950236
2025-12-09,0.005124051608821799,-0.0008634006967059875,-0.0026921466252086716
2025-12-10,0.004250103468607047,0.006610248643996283,0.012178998424877885
2025-12-11,0.010712248978541639,0.0023243321821350737,0.007477114453545436
2025-12-12,0.005578987507631519,-0.010810295878422825,-0.0065092026446972795
2025-12-15,0.0009099271544499963,-0.001512041239834183,0.006509202644697255
2025-12-16,0.00022742956353926302,-0.002736024649435422,-0.002165061357472986
2025-12-17,0.0085515594385759,-0.011064581322954193,-0.005433202922001277
2025-12-18,-0.0018048314286412761,0.007522894645792734,0.007117565413253884
2025-12-19,0.0011283535131121657,0.009022679156543787,0.004588306121182547
2025-12-22,0.022819254559298667,0.00621047884157309,0.005300599760074926
2025-12-23,0.013165297757330809,0.004560079363435816,0.004555339179673076
2025-12-24,-0.00414265150874824,0.003511501850767283,0.0014341104321428913
2025-12-26,0.011609088487159046,-0.00010141480775991423,0.0028622506085222853
2025-12-29,-0.04450407961760148,-0.003570018446780222,-0.003579048740524264
2025-12-30,0.0007273032894686568,-0.001221959902357149,0.003340855939816479
2025-12-31,-0.006488999253824397,-0.007436434837780548,-0.004058168239957408
2026-01-02,0.004958545328225588,0.0018313152201985445,0.01129810499080226
2026-01-05,0.025972938179914393,0.006638125918191552,0.007892166268678077
2026-01-06,0.010755105002161711,0.005929543756599755,0.0024609087622607527
2026-01-07,-0.009605943617543307,-0.0032286186657920035,-0.0029303059529279794
2026-01-08,0.005507322733438559,-0.00010153246851990349,-0.00011747494550198165
2026-01-09,0.007215903791294916,0.006591610519991714,0.006902625402674347
2026-01-12,0.018549616736782293,0.0015692011602722827,0.005464809668945262
2026-01-13,-0.0014220515093612454,-0.0020015084477309304,-0.005231580043994065
2026-01-14,0.0101703332395237,-0.004927372488885677,0.003839238149015795
2026-01-15,-0.0061465119926862365,0.002719596051916529,-0.0024413633134380748
2026-01-16,-0.0048305320875177415,-0.0008382564279319575,0.0030217413835742
2026-01-20,0.037137944625647984,-0.020566855255717744,-0.014141497277700248
2026-01-21,0.014463871678662811,0.011475018699616915,0.009954965757185833
2026-01-22,0.01829421977969421,0.005209663778086045,0.005925827447467949
2026-01-23,0.013651695099226603,0.00036266941646986676,0.007041765632027618
2026-01-26,0.014522878245374984,0.00506538103059215,0.0066499668451777535
2026-01-27,0.024235866660731666,0.003976249609777937,0.015871548307121435
2026-01-28,0.03804054442699281,-0.00010066964734378686,-0.011993887395720586
2026-01-29,0.002705807739847273,-0.001986348639724907,0.005335765382256987
2026-01-30,-0.10841233744964726,-0.002986940574398427,-0.009327786651794328
2026-02-02,-0.04087351576386017,0.004958907008599522,0.007968169649176881
2026-02-03,0.061647351472448514,-0.00849133546493203,-0.0037484402424757942
2026-02-04,-0.0007046601942605336,-0.004855623207264491,0.0013646312272599169
2026-02-05,-0.02699275619765067,-0.012567930681256348,-0.013962191167250637
2026-02-06,0.030269515441489408,0.01900307879815714,0.019628633603661252
2026-02-09,0.025085614324893347,0.0048101394245550514,0.011013873889078695
2026-02-10,-0.009963188662021111,-0.0026405409324224806,-0.0027982182302876517
2026-02-11,0.011247091222494243,-0.00023114885650317492,0.0025745826787025
2026-02-12,-0.03534565209196913,-0.015569436795382833,-0.007856381403465543
2026-02-13,0.02457422891441271,0.0007042510601164912,-0.0005635014860787934
2026-02-17,-0.031666383600955826,0.0016121827537749706,0.005957368956905861
2026-02-18,0.022240759759257815,0.005025060758005965,0.0033564958757831
2026-02-19,0.0027891563109147515,-0.002640828242968268,-0.004365567016236981
2026-02-20,0.0195226903950525,0.007205824861526998,0.00971265381464747
2026-02-23,0.02665702371732228,-0.010263859697353819,-0.005794021279345224
2026-02-24,-0.013955835494471214,0.007242187209707843,0.002678355768045271
2026-02-25,-0.0025104111690772445,0.0084029028181233,0.00843414125228688
2026-02-26,0.008539325114314078,-0.005569928872744709,-0.0006632324035192039
2026-02-27,0.01304594710817348,-0.004813507218789428,-0.0028793594912229848
2026-03-02,0.012837146760680682,0.0005683614380813482,-0.02129654113885546
2026-03-03,-0.04563796333219482,-0.008853326204464676,-0.030598129315090095
2026-03-04,0.007787713327779242,0.0070305833857426895,0.01138220060895342
2026-03-05,-0.012090565447196364,-0.005591272564328495,-0.020299260428752887
2026-03-06,0.015708476698148666,-0.013193786382772557,-0.007096501027227806
2026-03-09,-0.0020718179527898957,0.008721815668318755,0.004618367465805157
2026-03-10,0.011216537509720141,-0.0016083082110627642,0.00035444772606763714
2026-03-11,-0.003395863568684636,-0.0012559228897518618,-0.00165482829147039
2026-03-12,-0.01984963254664512,-0.015301438459733196,-0.01465790051467846
2026-03-13,-0.013021372569552835,-0.005676215023587526,-0.013780003873261101
2026-03-16,-0.0008900836759419468,0.010125429394262926,0.016537212854644448
2026-03-17,-0.002522571056499545,0.0026270911632708125,0.004419841422796499
2026-03-18,-0.03214842869758357,-0.014051911808400095,-0.019740643691234527
2026-03-19,-0.042088486470760696,-0.0024674226283852175,-0.002800025966869638
2026-03-20,-0.031034054726858728,-0.01443944509538709,-0.03069349205769156
2026-03-23,-0.022853374485926194,0.010445249178190171,0.023219116912646498
2026-03-24,0.00022271635118200717,-0.0033624612191459923,-0.005692385008913815
2026-03-25,0.029645532839315883,0.005557218263225205,0.01453767542702079
2026-03-26,-0.038318848265911816,-0.018020121487025215,-0.01976346778519014
2026-03-27,0.034492091653875186,-0.017198951843375027,-0.00889687635665601
2026-03-30,-0.0002894695055479165,-0.0033489923071651985,0.0052725637745477715
2026-03-31,0.037193492650150234,0.028653407820692582,0.03154908240885896
2026-04-01,0.017348463901669588,0.007506248903134024,0.014333295621648978
2026-04-02,-0.019395701723403234,0.0009000543608632609,-0.004795086939581521
2026-04-06,-0.004107092256447038,0.00471570863127598,0.0067066098788580285
2026-04-07,0.009680581273932702,0.00043990379276420265,-0.0029884955818678368
2026-04-08,0.006279313363379332,0.02515068962018007,0.03770933336839275
2026-04-09,0.007748433781414136,0.005752440641581351,0.00023061751082807091
2026-04-10,-0.0017827733092611521,-0.000661994496571573,0.0034517409434732934
2026-04-13,-0.004057403475821635,0.00972500571340668,0.006640046044597877
2026-04-14,0.02210325929203807,0.012111239170364246,0.008295043513846188
2026-04-15,-0.010456884729500534,0.007859998349511583,-0.0038549100192520882
2026-04-16,-0.0008631178955779131,0.0024543333053888188,-0.0036417966670593666
2026-04-17,0.013205474549607812,0.012013237341879625,0.015386692314977177
2026-04-20,-0.0086484996289279,-0.0020017372548961723,-0.002585624223334474
2026-04-21,-0.02872874757171026,-0.006568417750443915,-0.022078890725963477
2026-04-22,0.01315885071808192,0.010075780503951338,0.002757936743181983
2026-04-23,-0.009742663076259298,-0.0038882904816336587,-0.007718469438216987
2026-04-24,0.005114015549751456,0.00771943756437638,0.006685200935926779
2026-04-27,-0.007785532512716458,0.0017213055408080294,-0.005760439813932871
2026-04-28,-0.01873736625464264,-0.0048778697536611924,-0.004516231258597582
2026-04-29,-0.010723068864617815,-0.0001545212627813887,-0.01190907478846694
2026-04-30,0.01486229443655377,0.009900461815238022,0.02321901436328764
2026-05-01,-0.0011336522597227192,0.002765268411019866,0.00011483047077315056
2026-05-04,-0.02021814296632195,-0.003670118801040342,-0.01899747532416118
2026-05-05,0.008547670573807937,0.007990221711526798,0.015779452845516538
2026-05-06,0.029888127796577613,0.013803688898871048,0.026804522871615135
2026-05-07,0.0016692975079796522,-0.003070792479857851,-0.022095966204394784
2026-05-08,0.004829858327988968,0.008222201875465084,0.00957817715155179
2026-05-11,0.0020266811021026647,0.002274973327095926,-0.0034102367745284736
2026-05-12,-0.003965060284398247,-0.0015161013155970994,-0.008117609257003163
2026-05-13,-0.00562871133052066,0.0055792448425891535,0.005609286214894503
2026-05-14,-0.007671648257758531,0.007863317827570018,-0.0014850853278550258
2026-05-15,-0.023494231397838114,-0.012102281834028297,-0.019393421230751377
2026-05-18,0.0027281501848720967,-0.0007037568965346505,0.015269220343712026
2026-05-19,-0.016700574279936407,-0.006683070135583305,-0.008068230584212008
2026-05-20,0.01423595990327424,0.010196829759483024,0.020956904126660392
2026-05-21,-0.00098276274381623,0.001981123978379707,0.005875758625185977
2026-05-22,-0.007631102906282901,0.003923840734942977,-0.003385605709123294
2026-05-26,0.0004348594550147071,0.006616702614766452,0.011464666155278334
2026-05-27,-0.013398563535697896,-0.00017325717290322425,-0.0017897337235705565
2026-05-28,0.010423100202116821,0.005501418012009892,-0.0032520249516771855
2026-05-29,0.010483427987444453,0.0024883063996868804,-0.00022464991714846524
2026-06-01,-0.0141482968401824,0.0027194125046700462,-0.005520271231395884
2026-06-02,0.0016763707549161957,0.0013570186308611517,0.004958338613411701
2026-06-03,-0.009953528184733784,-0.007041918531282929,-0.011986990346793631
2026-06-04,0.008301422193564091,0.0037715644628917525,0.011199788612493185
2026-06-05,-0.037229842768492165,-0.026148277086187284,-0.01999840035081441
2026-06-08,0.0025960589903300645,0.002261613232488794,0.0044660652816672685
2026-06-09,-0.016471383961975034,-0.002939767435847424,0.004104920224629595
2026-06-10,-0.04233937620833833,-0.015891160823072677,-0.013633639589426332
2026-06-11,0.030860698069962694,0.016854017638559635,0.031452990923669204
2026-06-12,0.0005693171392699535,0.005393675844766619,0.0017869354674211234
2026-06-15,0.025566728082746976,0.017480295410686308,0.0027856990624690447
2026-06-16,0.0027198311858468048,-0.005979403902405487,0.0015566360070604305
2026-06-17,-0.02297138428233101,-0.012566499634242041,-0.008703521611409679
2026-06-18,-0.003815842777874201,0.010343315448328203,0.0027112559366174118
2026-06-22,-0.006556887617395544,-0.0031519418478261887,-0.00022656518844578285
2026-06-23,-0.019084169061680104,-0.014628429664887565,-0.012428143721047395
2026-06-24,-0.03067888622252175,-0.00046362452088405214,-0.0024123463899144767
2026-06-25,0.00962769003206293,0.001444591300819105,0.010069943074295184
2026-06-26,0.01122355898292356,-0.007257646736180781,-0.008001924056349797
2026-06-29,-0.013608268012376532,0.016340624198741247,0.01073072463182829
2026-06-30,-0.000542720627118172,0.007756640320927922,0.005322488292045266
2026-07-01,0.006008302974758538,-0.0013534198977212118,-0.008734719287173802
2026-07-02,0.02011473443068858,-0.0013149336271025228,0.017841506170799774
2026-07-06,0.010522812875633458,0.008689545400113111,0.0069150704690290245
2026-07-07,-0.012216825224767369,-0.004763225841268043,-0.010390577747425817
2026-07-08,-0.008085737106823192,-0.003094211852910556,-0.00970553385887301
2026-07-09,0.00991193809078384,0.008429620706500477,0.002604943448983868
2026-07-10,-0.0030985151880658277,0.0043008975551764635,0.0018080695363000285
2026-07-13,-0.026555716132531323,-0.007685633815530019,-0.008048550881404526
2026-07-14,0.013580960339773913,0.003544353050495003,0.004995496676658791
2026-07-15,0.0005373061432992446,0.003955801420061879,0.00924366482673468
2026-07-16,-0.02004655342576513,-0.005433351714810402,-0.0037097656425028806
2026-07-17,0.009408723238543361,-0.009946458438716834,-0.0022550982691776147
2026-07-20,-0.0022010512760906134,-0.0016156827599172103,-0.010211047453617379
2026-07-21,0.019423817305879824,0.00830671283160697,0.012128226499289494
2026-07-22,0.01143354038890078,-0.0011634178861416992,0.0037109314949393623
2026-07-23,-0.020250095841770732,-0.012426173368713682,-0.014243904850083365
2026-07-24,0.0010223155810828782,0.0010154965735656703,0.00658197806286374
2026-07-27,0.007313900742155252,0.00021655211458314317,0.004851830965220559
2026-07-28,-0.014140046791040388,0.002391917734196567,0.0043803857283676775
2026-07-29,0.004618798129091445,-0.015507089295929732,-0.0041552391567413775
2026-07-30,0.016251873707654758,0.016626804898639082,0.023687482514509264
2026-07-31,-0.015012957345256511,0.007174014783580491,-0.0044057956348587165
2026-08-03,0.0004574044079915386,0.014142527904258828,0.00374619183788274
2026-08-04,0.006569565835271058,0.017868407620299842,0.009957909602388074
2026-08-05,0.04053975029237347,-0.00199859787687683,0.00010890235203711381
2026-08-06,7.698804899445261e-05,-0.001599090909569207,-0.00021773348336436889
2026-08-07,0.022331954604684925,0.006096725613895211,0.008350063608915818
2026-08-10,0.010162275879128862,-0.00029746097386132897,-0.003678423889825571
2026-08-11,-0.0039328416338160815,-0.0032003754929251995,0.0004334732881368735
2026-08-12,0.009827899495455166,0.00250153099055172,-0.0005418916516342296
2026-08-13,-0.014828410072125063,0.00695322585121305,0.0014081923504731524
2026-08-14,0.006296606490295141,-0.001981673765436055,-0.0001081949320236739
2026-08-17,0.009938441945241362,-0.004738575980100243,-0.0029273536454570495
2026-08-18,-0.01726325801008708,-0.006778680502842077,-0.005989622238780944
2026-08-19,0.03764648660083996,0.0020956400290855414,0.0074001891901937875
2026-08-20,0.0034254367525549225,-0.00843537128524668,-0.0023882036333995886
2026-08-21,0.019317992727441873,0.004082913998477476,0.0076869221853319465
2026-08-24,0.007834913645817804,-0.00294273662514962,-0.0011870784242387917
2026-08-25,0.0032289907484762733,0.0031908415190819673,0.0062433122229852405
2026-08-26,-0.015894093368133962,0.00022199093609589067,-0.005272006344708057
2026-08-27,0.0030334622724068816,0.006531409939845632,-0.004541019573712176
2026-08-28,-0.0329799125854741,-0.002272064407546174,-0.003256221469180768
2026-08-31,-0.0011501174740705636,-0.0029939983934993636,-0.0034850795739526843
